provisional_id,normalized_entropy,normalized_entropy_s,Folding Energy,3' Overhang Bot,3' Overhang Top,miRDeep2_score,mirDeep_sensitivity,sensitivity_uncertainty,total_read_count,mature_read_count,loop_read_count,star_read_count,significant_randfold_p-value,homologous_seed_in_miRBase,consensus_mature_sequence_length,mature_5'u_or_3'u,consensus_star_sequence_length,consensus_precursor_sequence_length,Candidate/Confident/no-mirna
GWHACBE00000001_Chromosome_1_Complete=T_Circular=F_OriSeqID=Chr01_Len=159027471_1055,0.4991798359000072,,-28.0,2,2,0.0,42.0,2.0,82,82,0,0,no,False,22,True,23,52,Candidate
GWHACBE00000001_Chromosome_1_Complete=T_Circular=F_OriSeqID=Chr01_Len=159027471_1068,0.0,0.0,-15.2,3,3,5.8,87.0,2.0,27,23,0,4,no,False,22,False,23,67,falsepositive
GWHACBE00000001_Chromosome_1_Complete=T_Circular=F_OriSeqID=Chr01_Len=159027471_1116,0.0416731210184735,,-35.6,2,2,0.4,42.0,2.0,3101,3101,0,0,no,False,21,True,21,57,Candidate
GWHACBE00000001_Chromosome_1_Complete=T_Circular=F_OriSeqID=Chr01_Len=159027471_1118,0.0,,-38.1,2,2,0.3,42.0,2.0,2751,2751,0,0,no,False,21,True,21,57,Candidate
GWHACBE00000001_Chromosome_1_Complete=T_Circular=F_OriSeqID=Chr01_Len=159027471_1145,0.0,,-40.0,2,2,0.5,42.0,2.0,18,18,0,0,no,False,22,True,22,55,Candidate
GWHACBE00000001_Chromosome_1_Complete=T_Circular=F_OriSeqID=Chr01_Len=159027471_1194,0.0,0.0,-23.0,6,6,0.0,42.0,2.0,67,58,0,9,no,False,22,True,22,64,Candidate
GWHACBE00000001_Chromosome_1_Complete=T_Circular=F_OriSeqID=Chr01_Len=159027471_1250,0.0,,-34.6,1,2,0.6,42.0,2.0,45,45,0,0,no,False,21,True,20,61,Candidate
GWHACBE00000001_Chromosome_1_Complete=T_Circular=F_OriSeqID=Chr01_Len=159027471_1256,0.0,,-32.1,2,2,0.5,42.0,2.0,56,56,0,0,no,False,22,True,22,62,Candidate
GWHACBE00000001_Chromosome_1_Complete=T_Circular=F_OriSeqID=Chr01_Len=159027471_1331,0.3714220587586456,,-26.9,2,2,0.1,42.0,2.0,98,98,0,0,no,False,23,False,23,59,Candidate
GWHACBE00000001_Chromosome_1_Complete=T_Circular=F_OriSeqID=Chr01_Len=159027471_1354,0.3416896024844095,0.0,-24.9,1,2,5849.2,87.0,2.0,11475,11374,0,101,no,False,23,True,22,62,Confident
GWHACBE00000001_Chromosome_1_Complete=T_Circular=F_OriSeqID=Chr01_Len=159027471_1381,0.2027196652375139,0.0,-23.7,2,3,125.2,87.0,2.0,248,221,0,27,no,False,22,True,23,61,Candidate
GWHACBE00000001_Chromosome_1_Complete=T_Circular=F_OriSeqID=Chr01_Len=159027471_139,0.0,,-29.8,2,1,0.3,42.0,2.0,31,31,0,0,no,False,23,True,22,80,Candidate
GWHACBE00000001_Chromosome_1_Complete=T_Circular=F_OriSeqID=Chr01_Len=159027471_1507,0.0322343656402774,0.6849150105005635,-24.2,2,1,20506.9,87.0,2.0,40225,40046,0,179,no,False,22,False,21,59,Confident
GWHACBE00000001_Chromosome_1_Complete=T_Circular=F_OriSeqID=Chr01_Len=159027471_1511,0.0723359465977955,0.0,-25.1,3,4,808.7,87.0,2.0,1588,1487,0,101,no,False,22,False,24,65,Confident
GWHACBE00000001_Chromosome_1_Complete=T_Circular=F_OriSeqID=Chr01_Len=159027471_1577,0.0225628367850078,0.4220005165946141,-23.5,2,2,54050.0,87.0,2.0,106021,105951,0,70,no,False,22,True,23,63,Confident
GWHACBE00000001_Chromosome_1_Complete=T_Circular=F_OriSeqID=Chr01_Len=159027471_1684,0.0,,-42.9,2,2,0.5,42.0,2.0,28,28,0,0,no,False,22,False,22,62,Candidate
GWHACBE00000001_Chromosome_1_Complete=T_Circular=F_OriSeqID=Chr01_Len=159027471_195,0.9173030467109574,,-36.8,2,2,0.5,42.0,2.0,129,129,0,0,no,False,22,False,22,49,Candidate
GWHACBE00000001_Chromosome_1_Complete=T_Circular=F_OriSeqID=Chr01_Len=159027471_1955,0.1000009427217844,,-31.3,2,2,0.4,42.0,2.0,154,154,0,0,no,False,21,True,21,53,Candidate
GWHACBE00000001_Chromosome_1_Complete=T_Circular=F_OriSeqID=Chr01_Len=159027471_1969,0.0478388517114408,,-38.8,2,2,0.7,42.0,2.0,39144,39144,0,0,no,False,22,True,22,54,Confident
GWHACBE00000001_Chromosome_1_Complete=T_Circular=F_OriSeqID=Chr01_Len=159027471_2163,0.7240394548905063,,-26.4,2,2,0.2,42.0,2.0,189,189,0,0,no,False,19,True,19,63,falsepositive
GWHACBE00000001_Chromosome_1_Complete=T_Circular=F_OriSeqID=Chr01_Len=159027471_225,0.0,,-18.1,2,2,0.1,42.0,2.0,69,69,0,0,no,False,22,True,22,59,Candidate
GWHACBE00000001_Chromosome_1_Complete=T_Circular=F_OriSeqID=Chr01_Len=159027471_233,0.2001470936702983,0.6567900970339958,-24.2,2,3,3286.4,87.0,2.0,6449,6298,0,151,no,False,23,False,25,63,Confident
GWHACBE00000001_Chromosome_1_Complete=T_Circular=F_OriSeqID=Chr01_Len=159027471_2443,0.3607857700502497,,-35.1,2,2,0.7,42.0,2.0,31375,31375,0,0,no,False,21,True,21,56,falsepositive
GWHACBE00000001_Chromosome_1_Complete=T_Circular=F_OriSeqID=Chr01_Len=159027471_2578,0.1708968540195898,0.0,-5.5,1,2,971.4,87.0,2.0,1976,1949,0,27,no,False,20,True,18,76,falsepositive
GWHACBE00000001_Chromosome_1_Complete=T_Circular=F_OriSeqID=Chr01_Len=159027471_2611,0.2919122547420254,0.5032583344871068,-29.3,6,2,0.5,42.0,2.0,2860,2852,0,8,no,False,22,True,18,55,Candidate
GWHACBE00000001_Chromosome_1_Complete=T_Circular=F_OriSeqID=Chr01_Len=159027471_2623,0.5500796595799943,0.7205826698774369,-43.1,5,4,0.9,42.0,2.0,6883,6679,0,204,no,False,23,False,22,62,falsepositive
GWHACBE00000001_Chromosome_1_Complete=T_Circular=F_OriSeqID=Chr01_Len=159027471_2922,0.8346482848928438,0.5746356975491403,-43.9,3,2,36.0,87.0,2.0,71,49,0,22,no,False,22,True,21,61,falsepositive
GWHACBE00000001_Chromosome_1_Complete=T_Circular=F_OriSeqID=Chr01_Len=159027471_2985,0.0,0.0,-35.4,1,3,83.5,87.0,2.0,165,129,0,36,no,False,22,True,20,56,Candidate
GWHACBE00000001_Chromosome_1_Complete=T_Circular=F_OriSeqID=Chr01_Len=159027471_3134,0.8275751037501173,,-34.9,2,2,0.0,42.0,2.0,40,40,0,0,no,False,22,False,22,55,falsepositive
GWHACBE00000001_Chromosome_1_Complete=T_Circular=F_OriSeqID=Chr01_Len=159027471_3222,0.9173030467109574,,-36.8,2,2,0.4,42.0,2.0,129,129,0,0,no,False,22,False,22,49,Candidate
GWHACBE00000001_Chromosome_1_Complete=T_Circular=F_OriSeqID=Chr01_Len=159027471_3244,0.1546957968590384,0.0,-19.0,2,1,393.1,87.0,2.0,773,763,0,10,no,False,22,True,21,59,Candidate
GWHACBE00000001_Chromosome_1_Complete=T_Circular=F_OriSeqID=Chr01_Len=159027471_3340,0.3398550779336052,,-73.7,2,2,1.1,81.0,2.0,95,95,0,0,no,False,22,False,22,90,falsepositive
GWHACBE00000001_Chromosome_1_Complete=T_Circular=F_OriSeqID=Chr01_Len=159027471_3357,0.4405981927839575,0.9733610442969118,-19.9,5,2,157.6,87.0,2.0,313,274,0,39,no,False,22,False,25,74,falsepositive
GWHACBE00000001_Chromosome_1_Complete=T_Circular=F_OriSeqID=Chr01_Len=159027471_341,0.1865268922298112,0.7739086901165367,-22.5,2,2,4385.6,87.0,2.0,8604,8318,0,286,no,False,22,True,22,57,Confident
GWHACBE00000001_Chromosome_1_Complete=T_Circular=F_OriSeqID=Chr01_Len=159027471_3457,0.4820661477945541,0.0,-25.6,3,3,36.2,87.0,2.0,73,48,0,25,no,False,22,False,22,57,Candidate
GWHACBE00000001_Chromosome_1_Complete=T_Circular=F_OriSeqID=Chr01_Len=159027471_346,0.4544189615700293,,-81.2,2,2,1.4,81.0,2.0,220,220,0,0,no,False,22,True,22,90,falsepositive
GWHACBE00000001_Chromosome_1_Complete=T_Circular=F_OriSeqID=Chr01_Len=159027471_3469,0.7877009891751338,0.0,-16.3,0,2,98.1,87.0,2.0,196,174,0,22,no,False,22,True,20,57,Candidate
GWHACBE00000001_Chromosome_1_Complete=T_Circular=F_OriSeqID=Chr01_Len=159027471_3472,0.0130690570953656,0.0,-27.9,3,3,1342.9,87.0,2.0,2637,2567,0,70,no,False,23,True,22,82,Candidate
GWHACBE00000001_Chromosome_1_Complete=T_Circular=F_OriSeqID=Chr01_Len=159027471_3473,0.8054848384520567,0.0,-24.2,1,2,106.9,87.0,2.0,212,138,0,74,no,False,22,True,21,59,Candidate
GWHACBE00000001_Chromosome_1_Complete=T_Circular=F_OriSeqID=Chr01_Len=159027471_3476,0.0,0.9999999997114608,-19.2,5,5,0.0,42.0,2.0,155,72,0,83,no,False,22,False,24,61,Candidate
GWHACBE00000001_Chromosome_1_Complete=T_Circular=F_OriSeqID=Chr01_Len=159027471_3637,0.85183537785373,,-39.0,2,2,0.2,42.0,2.0,165,165,0,0,no,False,22,True,22,57,falsepositive
GWHACBE00000001_Chromosome_1_Complete=T_Circular=F_OriSeqID=Chr01_Len=159027471_3650,0.5383644676252164,0.9575534834262092,-25.4,2,2,825.9,87.0,2.0,1623,1594,0,29,no,False,22,True,22,61,Confident
GWHACBE00000001_Chromosome_1_Complete=T_Circular=F_OriSeqID=Chr01_Len=159027471_3762,0.8135237958573219,0.0,-22.6,0,1,0.0,42.0,2.0,330,329,0,1,no,False,21,True,22,56,Candidate
GWHACBE00000001_Chromosome_1_Complete=T_Circular=F_OriSeqID=Chr01_Len=159027471_3791,0.0678711449257275,0.0,-23.1,3,2,573.3,87.0,2.0,1125,1112,0,13,no,False,21,False,22,65,Confident
GWHACBE00000001_Chromosome_1_Complete=T_Circular=F_OriSeqID=Chr01_Len=159027471_3794,0.8431619566632986,0.0,-14.1,2,2,30.2,87.0,2.0,66,59,0,7,no,False,23,True,23,61,falsepositive
GWHACBE00000001_Chromosome_1_Complete=T_Circular=F_OriSeqID=Chr01_Len=159027471_3804,0.0,0.0,-29.3,1,3,20.3,87.0,2.0,41,33,0,8,no,False,22,False,18,60,falsepositive
GWHACBE00000001_Chromosome_1_Complete=T_Circular=F_OriSeqID=Chr01_Len=159027471_3816,0.0,0.4574321806103005,-28.4,2,2,197.0,87.0,2.0,387,312,0,75,no,False,22,True,22,56,Candidate
GWHACBE00000001_Chromosome_1_Complete=T_Circular=F_OriSeqID=Chr01_Len=159027471_3841,0.6401880565658722,0.8648682233712118,-8.2,7,3,1197.7,87.0,2.0,2362,2337,13,12,no,False,23,False,23,64,Candidate
GWHACBE00000001_Chromosome_1_Complete=T_Circular=F_OriSeqID=Chr01_Len=159027471_3895,0.3441169048540508,0.8739810478388188,-27.5,3,2,132.7,87.0,2.0,261,249,0,12,no,False,22,True,23,60,Candidate
GWHACBE00000001_Chromosome_1_Complete=T_Circular=F_OriSeqID=Chr01_Len=159027471_3920,0.3262588143409536,0.0,-35.5,2,3,36.5,87.0,2.0,73,67,0,6,no,False,21,True,22,60,Candidate
GWHACBE00000001_Chromosome_1_Complete=T_Circular=F_OriSeqID=Chr01_Len=159027471_4,0.7018312478178957,,-39.0,2,2,0.6,42.0,2.0,310,310,0,0,no,False,22,False,22,73,Candidate
GWHACBE00000001_Chromosome_1_Complete=T_Circular=F_OriSeqID=Chr01_Len=159027471_4010,0.7382848658549115,,-46.1,2,2,0.6,42.0,2.0,72,72,0,0,no,False,23,True,23,50,Candidate
GWHACBE00000001_Chromosome_1_Complete=T_Circular=F_OriSeqID=Chr01_Len=159027471_4051,0.9977724718014428,,-18.7,2,0,0.1,42.0,2.0,36,36,0,0,no,False,18,False,18,45,falsepositive
GWHACBE00000001_Chromosome_1_Complete=T_Circular=F_OriSeqID=Chr01_Len=159027471_416,0.0,,-23.0,2,2,0.1,42.0,2.0,40,40,0,0,no,False,22,True,20,60,Candidate
GWHACBE00000001_Chromosome_1_Complete=T_Circular=F_OriSeqID=Chr01_Len=159027471_4196,0.174846736959091,0.8620485695919736,-20.2,3,3,100.7,87.0,2.0,200,191,0,9,no,False,22,True,22,59,Candidate
GWHACBE00000001_Chromosome_1_Complete=T_Circular=F_OriSeqID=Chr01_Len=159027471_4203,0.0389440657058173,0.0,-15.8,2,3,139.7,87.0,2.0,279,240,0,39,no,False,23,False,22,62,Confident
GWHACBE00000001_Chromosome_1_Complete=T_Circular=F_OriSeqID=Chr01_Len=159027471_4258,0.5669268533857911,0.627140618480983,-13.7,2,3,273.3,87.0,2.0,539,260,0,279,no,False,22,True,23,63,Confident
GWHACBE00000001_Chromosome_1_Complete=T_Circular=F_OriSeqID=Chr01_Len=159027471_4260,0.2556347146976675,0.0,-17.8,2,2,118.3,87.0,2.0,236,163,0,73,no,False,22,False,23,65,Candidate
GWHACBE00000001_Chromosome_1_Complete=T_Circular=F_OriSeqID=Chr01_Len=159027471_4342,0.9318460709236548,0.9755073884780474,-38.8,1,1,258.8,87.0,2.0,508,446,0,62,no,False,22,False,22,60,Candidate
GWHACBE00000001_Chromosome_1_Complete=T_Circular=F_OriSeqID=Chr01_Len=159027471_4400,0.1201862735795889,0.0,-22.7,2,2,382.9,87.0,2.0,753,687,0,66,no,False,23,True,23,59,Confident
GWHACBE00000001_Chromosome_1_Complete=T_Circular=F_OriSeqID=Chr01_Len=159027471_4428,0.0,0.5349436988085676,-18.6,1,3,42.7,87.0,2.0,86,41,0,45,no,False,21,True,23,57,Candidate
GWHACBE00000001_Chromosome_1_Complete=T_Circular=F_OriSeqID=Chr01_Len=159027471_4521,0.0,0.0,-27.2,3,3,609.6,87.0,2.0,1197,1190,0,7,no,False,22,True,22,62,Candidate
GWHACBE00000001_Chromosome_1_Complete=T_Circular=F_OriSeqID=Chr01_Len=159027471_4646,0.9182958337659504,0.0,-21.5,2,2,34.0,87.0,2.0,74,48,0,26,no,False,21,False,22,85,falsepositive
GWHACBE00000001_Chromosome_1_Complete=T_Circular=F_OriSeqID=Chr01_Len=159027471_4747,0.083424258622957,,-31.3,2,3,0.3,42.0,2.0,577,577,0,0,no,False,23,True,22,62,Candidate
GWHACBE00000001_Chromosome_1_Complete=T_Circular=F_OriSeqID=Chr01_Len=159027471_4750,0.971627855649182,,-31.5,2,2,0.6,42.0,2.0,67,67,0,0,no,False,23,True,23,62,Candidate
GWHACBE00000001_Chromosome_1_Complete=T_Circular=F_OriSeqID=Chr01_Len=159027471_479,0.0,0.7268237168527644,-26.1,3,2,100.6,87.0,2.0,200,92,0,108,no,False,22,True,21,72,falsepositive
GWHACBE00000001_Chromosome_1_Complete=T_Circular=F_OriSeqID=Chr01_Len=159027471_4839,0.2111171565527517,0.7028813918610296,-28.0,1,1,977.5,87.0,2.0,1921,1759,11,151,no,False,21,False,20,68,Candidate
GWHACBE00000001_Chromosome_1_Complete=T_Circular=F_OriSeqID=Chr01_Len=159027471_487,0.6936126401415557,0.714015280149328,-32.0,2,2,77.2,87.0,2.0,153,102,0,51,no,False,22,True,22,58,Candidate
GWHACBE00000001_Chromosome_1_Complete=T_Circular=F_OriSeqID=Chr01_Len=159027471_4884,0.6522774493491543,,-31.0,2,2,0.2,42.0,2.0,378,378,0,0,no,False,22,False,22,51,Candidate
GWHACBE00000001_Chromosome_1_Complete=T_Circular=F_OriSeqID=Chr01_Len=159027471_5024,0.026746905812698,0.2921877814347899,-19.3,2,2,2012.5,87.0,2.0,3951,3659,0,292,no,False,22,False,23,63,Confident
GWHACBE00000001_Chromosome_1_Complete=T_Circular=F_OriSeqID=Chr01_Len=159027471_5057,0.0,,-18.6,2,2,2.6,84.0,2.0,26,26,0,0,no,True,21,False,20,50,Confident
GWHACBE00000001_Chromosome_1_Complete=T_Circular=F_OriSeqID=Chr01_Len=159027471_5065,0.0,,-42.0,2,2,0.3,42.0,2.0,28,28,0,0,no,False,22,False,22,62,Candidate
GWHACBE00000001_Chromosome_1_Complete=T_Circular=F_OriSeqID=Chr01_Len=159027471_51,0.0,0.0,-35.7,2,2,12.0,87.0,2.0,24,20,0,4,no,False,22,False,22,58,Candidate
GWHACBE00000001_Chromosome_1_Complete=T_Circular=F_OriSeqID=Chr01_Len=159027471_5100,0.5132594983458818,,-41.7,2,2,0.1,42.0,2.0,2330,2330,0,0,no,False,23,True,23,62,Confident
GWHACBE00000001_Chromosome_1_Complete=T_Circular=F_OriSeqID=Chr01_Len=159027471_5106,0.4711605567884639,0.0,-19.4,3,3,709.6,87.0,2.0,1396,1385,0,11,no,False,22,True,22,59,Confident
GWHACBE00000001_Chromosome_1_Complete=T_Circular=F_OriSeqID=Chr01_Len=159027471_5134,0.0581893326503033,0.0,-43.8,2,2,0.5,42.0,2.0,2826,2826,0,0,no,False,21,True,21,60,Candidate
GWHACBE00000001_Chromosome_1_Complete=T_Circular=F_OriSeqID=Chr01_Len=159027471_5238,0.1956071586727244,,-41.1,2,2,0.1,42.0,2.0,1407,1407,0,0,no,False,22,True,23,90,falsepositive
GWHACBE00000001_Chromosome_1_Complete=T_Circular=F_OriSeqID=Chr01_Len=159027471_5352,0.1000009427217844,,-30.9,2,2,0.3,42.0,2.0,154,154,0,0,no,False,21,True,21,53,Candidate
GWHACBE00000001_Chromosome_1_Complete=T_Circular=F_OriSeqID=Chr01_Len=159027471_5378,0.6454562770646018,0.0,-24.0,2,3,272.8,87.0,2.0,537,523,0,14,no,False,22,True,23,59,Candidate
GWHACBE00000001_Chromosome_1_Complete=T_Circular=F_OriSeqID=Chr01_Len=159027471_5445,0.1453583152597938,0.8767162887109249,-19.6,2,1,156.8,87.0,2.0,321,287,7,27,no,False,18,True,19,72,falsepositive
GWHACBE00000001_Chromosome_1_Complete=T_Circular=F_OriSeqID=Chr01_Len=159027471_5750,0.1467866383164227,0.7357190212027203,-6.8,2,1,166.7,87.0,2.0,345,334,0,11,no,False,20,True,18,42,falsepositive
GWHACBE00000001_Chromosome_1_Complete=T_Circular=F_OriSeqID=Chr01_Len=159027471_5794,0.454485253407049,0.8554508102715916,-35.4,0,1,0.7,42.0,2.0,8673,8655,0,18,no,False,21,True,22,58,falsepositive
GWHACBE00000001_Chromosome_1_Complete=T_Circular=F_OriSeqID=Chr01_Len=159027471_5952,0.6314204868444127,,-35.3,2,2,0.4,42.0,2.0,299,299,0,0,no,False,23,True,23,67,falsepositive
GWHACBE00000001_Chromosome_1_Complete=T_Circular=F_OriSeqID=Chr01_Len=159027471_5957,0.808637394310634,0.5860176582566969,-33.8,4,3,297.2,87.0,2.0,585,521,0,64,no,False,22,True,23,61,falsepositive
GWHACBE00000001_Chromosome_1_Complete=T_Circular=F_OriSeqID=Chr01_Len=159027471_5964,0.6314734211957047,0.7205826698774369,-44.5,5,4,0.9,42.0,2.0,6883,6679,0,204,no,False,23,False,22,62,falsepositive
GWHACBE00000001_Chromosome_1_Complete=T_Circular=F_OriSeqID=Chr01_Len=159027471_6109,0.1289294586295373,0.0,-16.5,2,2,654.6,87.0,2.0,1309,1279,0,30,no,False,18,True,19,70,Confident
GWHACBE00000001_Chromosome_1_Complete=T_Circular=F_OriSeqID=Chr01_Len=159027471_630,0.0,0.6502166529673766,-12.8,2,2,1007.1,87.0,2.0,1979,1767,0,212,no,False,23,True,22,58,Confident
GWHACBE00000001_Chromosome_1_Complete=T_Circular=F_OriSeqID=Chr01_Len=159027471_719,0.0,,-29.3,2,2,0.0,42.0,2.0,43,43,0,0,no,False,22,True,22,51,Candidate
GWHACBE00000001_Chromosome_1_Complete=T_Circular=F_OriSeqID=Chr01_Len=159027471_773,0.6028095312033321,0.0,-19.6,2,5,92.4,87.0,2.0,186,180,0,6,no,False,24,True,21,61,falsepositive
GWHACBE00000001_Chromosome_1_Complete=T_Circular=F_OriSeqID=Chr01_Len=159027471_793,0.7382848658549115,,-45.3,2,2,0.7,42.0,2.0,72,72,0,0,no,False,23,True,23,50,Candidate
GWHACBE00000001_Chromosome_1_Complete=T_Circular=F_OriSeqID=Chr01_Len=159027471_810,0.5586293731636601,,-28.7,2,2,0.2,42.0,2.0,92,92,0,0,no,False,22,True,22,62,Candidate
GWHACBE00000001_Chromosome_1_Complete=T_Circular=F_OriSeqID=Chr01_Len=159027471_819,0.1153340946329381,0.0,-20.7,2,2,3785.4,87.0,2.0,7428,7422,0,6,no,False,22,True,23,64,Candidate
GWHACBE00000001_Chromosome_1_Complete=T_Circular=F_OriSeqID=Chr01_Len=159027471_860,0.0,,-38.9,2,2,0.6,42.0,2.0,77,77,0,0,no,False,21,False,21,73,Candidate
GWHACBE00000001_Chromosome_1_Complete=T_Circular=F_OriSeqID=Chr01_Len=159027471_983,0.0,,-34.9,2,2,0.8,42.0,2.0,28,28,0,0,no,False,23,True,23,53,Candidate
GWHACBE00000001_Chromosome_1_Complete=T_Circular=F_OriSeqID=Chr01_Len=159027471_990,0.3589297768115078,0.9852281357457124,-31.6,2,2,260.9,87.0,2.0,513,499,0,14,no,False,22,True,22,66,falsepositive
GWHACBE00000001_Chromosome_1_Complete=T_Circular=F_OriSeqID=Chr01_Len=159027471_996,0.0,,-31.4,2,2,0.5,42.0,2.0,36,36,0,0,no,False,22,True,22,63,Candidate
GWHACBE00000002_Chromosome_2_Complete=T_Circular=F_OriSeqID=Chr02_Len=139115577_10280,0.0,0.0,-14.3,1,4,46.7,87.0,2.0,113,97,0,16,no,False,19,True,21,86,falsepositive
GWHACBE00000002_Chromosome_2_Complete=T_Circular=F_OriSeqID=Chr02_Len=139115577_10481,0.9649567666620296,0.9709505941661296,-8.2,0,0,100.4,87.0,2.0,214,205,0,9,no,False,20,True,21,54,falsepositive
GWHACBE00000002_Chromosome_2_Complete=T_Circular=F_OriSeqID=Chr02_Len=139115577_10624,0.0,,-21.0,2,2,0.0,42.0,2.0,27,27,0,0,no,False,24,False,25,61,Candidate
GWHACBE00000002_Chromosome_2_Complete=T_Circular=F_OriSeqID=Chr02_Len=139115577_10687,0.0,,-31.8,2,2,0.2,42.0,2.0,27,27,0,0,no,False,25,False,22,79,falsepositive
GWHACBE00000002_Chromosome_2_Complete=T_Circular=F_OriSeqID=Chr02_Len=139115577_11079,0.3451173146564139,0.9828586894241668,-41.7,6,5,1.1,81.0,2.0,172,155,0,17,no,False,22,True,23,68,Candidate
GWHACBE00000002_Chromosome_2_Complete=T_Circular=F_OriSeqID=Chr02_Len=139115577_11168,0.6876783203571126,0.0,-18.8,2,0,36.1,87.0,2.0,72,65,0,7,no,False,21,True,21,55,falsepositive
GWHACBE00000002_Chromosome_2_Complete=T_Circular=F_OriSeqID=Chr02_Len=139115577_11182,0.8680403983281011,0.0,-24.4,2,2,41.2,87.0,2.0,83,76,0,7,no,False,22,True,22,54,falsepositive
GWHACBE00000002_Chromosome_2_Complete=T_Circular=F_OriSeqID=Chr02_Len=139115577_11281,0.0,0.9474351358954916,-42.3,2,1,36.3,87.0,2.0,71,30,0,41,no,False,22,True,21,60,Candidate
GWHACBE00000002_Chromosome_2_Complete=T_Circular=F_OriSeqID=Chr02_Len=139115577_11317,0.2932367655803448,0.0,-14.9,3,2,589.0,87.0,2.0,1164,988,0,176,no,False,22,True,23,55,Confident
GWHACBE00000002_Chromosome_2_Complete=T_Circular=F_OriSeqID=Chr02_Len=139115577_11356,0.3757484457042262,0.9646095634604334,-31.7,0,1,125.4,87.0,2.0,247,204,0,43,no,False,22,True,21,61,Candidate
GWHACBE00000002_Chromosome_2_Complete=T_Circular=F_OriSeqID=Chr02_Len=139115577_11422,0.0769905931129204,0.9930972582596252,-17.5,3,4,650.0,87.0,2.0,1282,1149,0,133,no,False,23,True,22,63,Candidate
GWHACBE00000002_Chromosome_2_Complete=T_Circular=F_OriSeqID=Chr02_Len=139115577_11423,0.085193725027738,0.0,-19.4,2,2,9844.3,87.0,2.0,19311,19266,0,45,no,False,24,True,22,59,Confident
GWHACBE00000002_Chromosome_2_Complete=T_Circular=F_OriSeqID=Chr02_Len=139115577_11425,0.0,0.0,-19.0,3,3,75.6,87.0,2.0,151,131,0,20,no,False,22,False,24,61,Candidate
GWHACBE00000002_Chromosome_2_Complete=T_Circular=F_OriSeqID=Chr02_Len=139115577_11427,0.085193725027738,0.0,-21.1,2,2,9844.4,87.0,2.0,19311,19266,0,45,no,False,24,True,22,59,Confident
GWHACBE00000002_Chromosome_2_Complete=T_Circular=F_OriSeqID=Chr02_Len=139115577_11429,0.0,0.0,-19.0,3,3,75.5,87.0,2.0,151,131,0,20,no,False,22,False,24,61,Candidate
GWHACBE00000002_Chromosome_2_Complete=T_Circular=F_OriSeqID=Chr02_Len=139115577_11538,0.0,0.0,-29.2,2,2,0.0,42.0,2.0,55,55,0,0,no,False,22,True,22,73,Candidate
GWHACBE00000002_Chromosome_2_Complete=T_Circular=F_OriSeqID=Chr02_Len=139115577_11662,0.5728718250693904,0.0,-23.1,1,1,52.2,87.0,2.0,105,99,0,6,no,False,22,False,22,61,falsepositive
GWHACBE00000002_Chromosome_2_Complete=T_Circular=F_OriSeqID=Chr02_Len=139115577_11902,0.0,,-22.6,2,3,0.7,42.0,2.0,28,28,0,0,no,False,22,True,23,63,Candidate
GWHACBE00000002_Chromosome_2_Complete=T_Circular=F_OriSeqID=Chr02_Len=139115577_12024,0.0,,-21.7,2,2,0.2,42.0,2.0,59,59,0,0,no,False,22,False,22,54,Candidate
GWHACBE00000002_Chromosome_2_Complete=T_Circular=F_OriSeqID=Chr02_Len=139115577_12025,0.0,,-20.2,4,7,0.0,42.0,2.0,77,77,0,0,no,False,22,False,17,44,falsepositive
GWHACBE00000002_Chromosome_2_Complete=T_Circular=F_OriSeqID=Chr02_Len=139115577_12037,0.3684730442422925,0.6819051961443928,-33.2,5,5,0.0,42.0,2.0,2268,2085,14,169,no,False,22,True,22,65,Candidate
GWHACBE00000002_Chromosome_2_Complete=T_Circular=F_OriSeqID=Chr02_Len=139115577_12093,0.0,,-28.4,2,2,0.4,42.0,2.0,71,71,0,0,no,False,22,False,22,61,Candidate
GWHACBE00000002_Chromosome_2_Complete=T_Circular=F_OriSeqID=Chr02_Len=139115577_12107,0.2811937961435036,,-23.5,2,2,0.0,42.0,2.0,41,41,0,0,no,False,22,False,23,60,Candidate
GWHACBE00000002_Chromosome_2_Complete=T_Circular=F_OriSeqID=Chr02_Len=139115577_12146,0.5798078637464747,0.0,-13.0,2,3,13.0,87.0,2.0,45,32,0,13,no,False,22,True,22,52,falsepositive
GWHACBE00000002_Chromosome_2_Complete=T_Circular=F_OriSeqID=Chr02_Len=139115577_12198,0.0868151942146405,0.2205392974224762,-22.5,2,0,1100.9,87.0,2.0,2162,1285,0,877,no,False,23,True,22,62,Confident
GWHACBE00000002_Chromosome_2_Complete=T_Circular=F_OriSeqID=Chr02_Len=139115577_12200,0.0350031925888771,0.0185646505789458,-19.4,2,1,13612.1,87.0,2.0,26704,19125,0,7579,no,False,23,False,22,60,Confident
GWHACBE00000002_Chromosome_2_Complete=T_Circular=F_OriSeqID=Chr02_Len=139115577_12206,0.0378509510193146,0.0391990807563056,-19.3,4,2,0.0,42.0,2.0,468646,465550,0,3096,no,False,22,False,21,57,Confident
GWHACBE00000002_Chromosome_2_Complete=T_Circular=F_OriSeqID=Chr02_Len=139115577_12221,0.0,,-25.6,2,2,0.0,42.0,2.0,59,59,0,0,no,False,22,False,22,62,Candidate
GWHACBE00000002_Chromosome_2_Complete=T_Circular=F_OriSeqID=Chr02_Len=139115577_12300,0.9084233257649036,0.9910760595496833,-25.6,1,1,201.7,87.0,2.0,399,383,0,16,no,False,21,True,22,67,falsepositive
GWHACBE00000002_Chromosome_2_Complete=T_Circular=F_OriSeqID=Chr02_Len=139115577_12563,0.8647572652861681,0.7045243389734432,-38.1,1,1,189.0,87.0,2.0,371,141,0,230,no,False,22,True,20,49,falsepositive
GWHACBE00000002_Chromosome_2_Complete=T_Circular=F_OriSeqID=Chr02_Len=139115577_12633,0.7801210192257675,0.7988857825782414,-30.3,5,5,0.6,42.0,2.0,370,290,0,80,no,False,22,False,22,67,falsepositive
GWHACBE00000002_Chromosome_2_Complete=T_Circular=F_OriSeqID=Chr02_Len=139115577_6283,0.5201479635111841,0.6664384601791639,-16.4,3,3,5876.8,87.0,2.0,11529,11060,0,469,no,False,22,True,22,65,Confident
GWHACBE00000002_Chromosome_2_Complete=T_Circular=F_OriSeqID=Chr02_Len=139115577_6405,0.3116483742812962,,-33.4,2,2,1.0,81.0,2.0,1561,1561,0,0,no,False,23,True,23,59,Candidate
GWHACBE00000002_Chromosome_2_Complete=T_Circular=F_OriSeqID=Chr02_Len=139115577_6407,0.7614943380410661,0.3712323263523366,-39.5,0,0,0.8,42.0,2.0,232,204,0,28,no,False,22,False,22,55,falsepositive
GWHACBE00000002_Chromosome_2_Complete=T_Circular=F_OriSeqID=Chr02_Len=139115577_6465,0.2550579763921855,0.0,-42.0,2,2,0.3,42.0,2.0,928,928,0,0,no,False,22,False,22,64,Candidate
GWHACBE00000002_Chromosome_2_Complete=T_Circular=F_OriSeqID=Chr02_Len=139115577_7455,0.0,,-28.2,2,3,0.0,42.0,2.0,27,27,0,0,no,False,25,False,26,65,Candidate
GWHACBE00000002_Chromosome_2_Complete=T_Circular=F_OriSeqID=Chr02_Len=139115577_7949,0.0,,-35.5,2,1,0.7,42.0,2.0,71,71,0,0,no,False,22,True,22,56,Candidate
GWHACBE00000002_Chromosome_2_Complete=T_Circular=F_OriSeqID=Chr02_Len=139115577_7955,0.0,,-31.5,2,2,0.1,42.0,2.0,38,38,0,0,no,False,22,True,22,58,Candidate
GWHACBE00000002_Chromosome_2_Complete=T_Circular=F_OriSeqID=Chr02_Len=139115577_8029,0.6876783203571126,0.0,-18.8,2,0,36.1,87.0,2.0,72,65,0,7,no,False,21,True,21,55,falsepositive
GWHACBE00000002_Chromosome_2_Complete=T_Circular=F_OriSeqID=Chr02_Len=139115577_8117,0.8612689840653817,0.6066303833851001,-36.6,1,2,282.5,87.0,2.0,555,499,0,56,no,False,21,True,22,47,falsepositive
GWHACBE00000002_Chromosome_2_Complete=T_Circular=F_OriSeqID=Chr02_Len=139115577_8139,0.526617065282889,0.0,-31.7,3,4,23.9,87.0,2.0,48,42,0,6,no,False,21,True,22,49,Candidate
GWHACBE00000002_Chromosome_2_Complete=T_Circular=F_OriSeqID=Chr02_Len=139115577_8142,0.3979996410395532,0.0,-27.3,2,2,109.4,87.0,2.0,220,203,6,11,no,False,22,True,22,90,falsepositive
GWHACBE00000002_Chromosome_2_Complete=T_Circular=F_OriSeqID=Chr02_Len=139115577_8197,0.9985090986290932,,-39.5,2,2,0.3,42.0,2.0,44,44,0,0,no,False,22,False,22,58,Candidate
GWHACBE00000002_Chromosome_2_Complete=T_Circular=F_OriSeqID=Chr02_Len=139115577_8255,0.0,,-21.4,2,5,0.3,42.0,2.0,96,96,0,0,no,False,22,True,25,61,Candidate
GWHACBE00000002_Chromosome_2_Complete=T_Circular=F_OriSeqID=Chr02_Len=139115577_8311,0.0,,-24.7,2,2,0.3,42.0,2.0,31,31,0,0,no,False,22,False,22,60,Candidate
GWHACBE00000002_Chromosome_2_Complete=T_Circular=F_OriSeqID=Chr02_Len=139115577_8391,0.0,,-39.6,2,2,0.3,42.0,2.0,26,26,0,0,no,False,23,True,23,60,Candidate
GWHACBE00000002_Chromosome_2_Complete=T_Circular=F_OriSeqID=Chr02_Len=139115577_8397,0.6193821943902247,,-28.2,2,2,0.7,42.0,2.0,91,91,0,0,no,False,22,True,22,76,Candidate
GWHACBE00000002_Chromosome_2_Complete=T_Circular=F_OriSeqID=Chr02_Len=139115577_8528,0.0,,-34.1,5,3,0.0,42.0,2.0,23,23,0,0,no,False,22,False,25,83,falsepositive
GWHACBE00000002_Chromosome_2_Complete=T_Circular=F_OriSeqID=Chr02_Len=139115577_8683,0.7355085812653008,,-32.3,2,2,0.7,42.0,2.0,29,29,0,0,no,False,23,True,23,59,Candidate
GWHACBE00000002_Chromosome_2_Complete=T_Circular=F_OriSeqID=Chr02_Len=139115577_8712,0.4672075914919119,0.1405483887833926,-31.3,2,2,1073.4,87.0,2.0,2106,1854,0,252,no,False,22,True,22,59,Confident
GWHACBE00000002_Chromosome_2_Complete=T_Circular=F_OriSeqID=Chr02_Len=139115577_8883,0.1175946653703257,,-23.8,2,2,0.0,42.0,2.0,63,63,0,0,no,False,22,True,23,53,Candidate
GWHACBE00000002_Chromosome_2_Complete=T_Circular=F_OriSeqID=Chr02_Len=139115577_8946,0.7746319865801452,0.0,-18.7,1,4,45.8,87.0,2.0,95,57,0,38,no,False,22,False,21,54,Candidate
GWHACBE00000002_Chromosome_2_Complete=T_Circular=F_OriSeqID=Chr02_Len=139115577_8975,0.8672816219114868,0.0,-33.1,1,3,72.0,87.0,2.0,142,135,0,7,no,False,23,False,24,58,falsepositive
GWHACBE00000002_Chromosome_2_Complete=T_Circular=F_OriSeqID=Chr02_Len=139115577_9060,0.7540340559085936,,-23.3,2,0,0.3,42.0,2.0,60,60,0,0,no,False,22,False,24,55,Candidate
GWHACBE00000002_Chromosome_2_Complete=T_Circular=F_OriSeqID=Chr02_Len=139115577_9061,0.7935912297231674,,-40.7,3,1,0.4,42.0,2.0,46,35,11,0,no,False,22,True,20,70,Candidate
GWHACBE00000002_Chromosome_2_Complete=T_Circular=F_OriSeqID=Chr02_Len=139115577_9279,0.6699630418088703,0.0,-25.9,2,3,371.1,87.0,2.0,729,724,0,5,no,False,22,True,23,58,falsepositive
GWHACBE00000002_Chromosome_2_Complete=T_Circular=F_OriSeqID=Chr02_Len=139115577_9317,0.0,,-25.5,0,0,0.1,42.0,2.0,61,61,0,0,no,False,20,False,21,76,falsepositive
GWHACBE00000002_Chromosome_2_Complete=T_Circular=F_OriSeqID=Chr02_Len=139115577_9368,0.3620512514454589,0.7871203564234613,-36.6,3,5,0.1,42.0,2.0,73,58,0,15,no,False,21,True,18,73,Candidate
GWHACBE00000002_Chromosome_2_Complete=T_Circular=F_OriSeqID=Chr02_Len=139115577_9482,0.8609062893227257,0.7045243389734432,-38.1,1,1,202.7,87.0,2.0,398,141,0,257,no,False,22,True,20,49,falsepositive
GWHACBE00000002_Chromosome_2_Complete=T_Circular=F_OriSeqID=Chr02_Len=139115577_9836,0.457250162198968,0.0,-25.1,4,0,1.0,81.0,2.0,873,857,0,16,no,False,23,True,19,57,falsepositive
GWHACBE00000002_Chromosome_2_Complete=T_Circular=F_OriSeqID=Chr02_Len=139115577_9837,0.7614943380410661,0.3712323263523366,-39.5,0,0,0.8,42.0,2.0,232,204,0,28,no,False,22,False,22,55,falsepositive
GWHACBE00000003_Chromosome_3_Complete=T_Circular=F_OriSeqID=Chr03_Len=138077151_12693,0.9995376221470322,,-35.0,2,2,0.1,42.0,2.0,158,158,0,0,no,False,22,True,22,58,Candidate
GWHACBE00000003_Chromosome_3_Complete=T_Circular=F_OriSeqID=Chr03_Len=138077151_12813,0.0,,-24.5,2,1,0.0,42.0,2.0,60,60,0,0,no,False,22,True,21,63,falsepositive
GWHACBE00000003_Chromosome_3_Complete=T_Circular=F_OriSeqID=Chr03_Len=138077151_12856,0.5916727782937884,,-20.8,2,3,0.3,42.0,2.0,196,196,0,0,no,False,22,False,21,53,Candidate
GWHACBE00000003_Chromosome_3_Complete=T_Circular=F_OriSeqID=Chr03_Len=138077151_12870,0.8276577066310703,0.0,-37.2,2,2,68.6,87.0,2.0,134,40,0,94,no,False,23,True,23,59,Candidate
GWHACBE00000003_Chromosome_3_Complete=T_Circular=F_OriSeqID=Chr03_Len=138077151_12874,0.0144265514282698,0.3184105992893096,-22.4,3,2,1630928.5,87.0,2.0,3198997,3196823,25,2149,no,False,22,True,22,63,Confident
GWHACBE00000003_Chromosome_3_Complete=T_Circular=F_OriSeqID=Chr03_Len=138077151_12904,0.0,,-12.2,2,2,0.8,42.0,2.0,29,29,0,0,no,True,22,True,22,82,Confident
GWHACBE00000003_Chromosome_3_Complete=T_Circular=F_OriSeqID=Chr03_Len=138077151_12931,0.0,,-22.8,2,2,0.0,42.0,2.0,73,73,0,0,no,False,22,True,24,62,Candidate
GWHACBE00000003_Chromosome_3_Complete=T_Circular=F_OriSeqID=Chr03_Len=138077151_12945,0.0188879217959973,0.3389923484522223,-19.9,2,1,96995.3,87.0,2.0,190256,189989,62,205,no,False,24,True,22,64,Confident
GWHACBE00000003_Chromosome_3_Complete=T_Circular=F_OriSeqID=Chr03_Len=138077151_12949,0.0170957744558659,0.2561056933733722,-15.6,2,1,63175.8,87.0,2.0,123926,122663,0,1263,no,False,22,True,22,56,Confident
GWHACBE00000003_Chromosome_3_Complete=T_Circular=F_OriSeqID=Chr03_Len=138077151_13010,0.3441169048540508,0.0,-32.6,2,2,0.3,42.0,2.0,249,249,0,0,no,False,22,True,22,61,Candidate
GWHACBE00000003_Chromosome_3_Complete=T_Circular=F_OriSeqID=Chr03_Len=138077151_13100,0.0,0.8549440828163296,-23.1,2,1,325.9,87.0,2.0,641,599,0,42,no,False,21,True,22,60,Confident
GWHACBE00000003_Chromosome_3_Complete=T_Circular=F_OriSeqID=Chr03_Len=138077151_13101,0.6877814195539399,0.4605229206567123,-20.8,2,0,131.3,87.0,2.0,260,158,0,102,no,False,22,False,20,60,Confident
GWHACBE00000003_Chromosome_3_Complete=T_Circular=F_OriSeqID=Chr03_Len=138077151_13103,0.8324912758976435,0.0,-19.0,2,1,349.9,87.0,2.0,690,614,0,76,no,False,23,True,22,60,Confident
GWHACBE00000003_Chromosome_3_Complete=T_Circular=F_OriSeqID=Chr03_Len=138077151_13175,0.0,0.7793498370035461,-29.6,2,2,57.5,87.0,2.0,114,101,0,13,no,False,22,True,22,77,falsepositive
GWHACBE00000003_Chromosome_3_Complete=T_Circular=F_OriSeqID=Chr03_Len=138077151_13209,0.0,0.0,-29.0,3,2,33.5,87.0,2.0,67,41,0,26,no,False,23,True,22,60,Candidate
GWHACBE00000003_Chromosome_3_Complete=T_Circular=F_OriSeqID=Chr03_Len=138077151_13329,0.0,0.999999999726928,-28.8,2,1,0.3,42.0,2.0,61,61,0,0,no,False,23,False,25,75,Candidate
GWHACBE00000003_Chromosome_3_Complete=T_Circular=F_OriSeqID=Chr03_Len=138077151_13360,0.0,0.0,-13.1,5,6,14.6,87.0,2.0,32,24,0,8,no,False,21,True,22,59,falsepositive
GWHACBE00000003_Chromosome_3_Complete=T_Circular=F_OriSeqID=Chr03_Len=138077151_13543,0.1904082235226872,,-51.7,2,2,0.4,42.0,2.0,1458,1458,0,0,no,False,22,True,23,90,falsepositive
GWHACBE00000003_Chromosome_3_Complete=T_Circular=F_OriSeqID=Chr03_Len=138077151_13685,0.0,,-35.5,2,2,0.6,42.0,2.0,41,41,0,0,no,False,22,True,22,57,Candidate
GWHACBE00000003_Chromosome_3_Complete=T_Circular=F_OriSeqID=Chr03_Len=138077151_13705,0.0145505639168974,0.9811522339113744,-20.4,2,2,32025.9,87.0,2.0,62820,62802,0,18,no,False,22,True,23,60,Confident
GWHACBE00000003_Chromosome_3_Complete=T_Circular=F_OriSeqID=Chr03_Len=138077151_13881,0.5813214984751638,,-37.1,2,2,0.0,42.0,2.0,36,36,0,0,no,False,22,True,22,55,Candidate
GWHACBE00000003_Chromosome_3_Complete=T_Circular=F_OriSeqID=Chr03_Len=138077151_13907,0.0,0.0,-25.0,2,2,326.9,87.0,2.0,643,634,0,9,no,False,22,True,22,57,Confident
GWHACBE00000003_Chromosome_3_Complete=T_Circular=F_OriSeqID=Chr03_Len=138077151_13909,0.0,,-21.1,3,2,0.1,42.0,2.0,33,33,0,0,no,False,22,True,21,61,Candidate
GWHACBE00000003_Chromosome_3_Complete=T_Circular=F_OriSeqID=Chr03_Len=138077151_13923,0.0191811638608451,0.0,-19.4,2,1,182111.1,87.0,2.0,357207,355900,299,1008,no,False,25,True,22,68,Confident
GWHACBE00000003_Chromosome_3_Complete=T_Circular=F_OriSeqID=Chr03_Len=138077151_13925,0.0164022140970031,0.0477174604436347,-22.3,2,2,211500.6,87.0,2.0,414852,394695,51,20106,no,False,22,True,23,67,Confident
GWHACBE00000003_Chromosome_3_Complete=T_Circular=F_OriSeqID=Chr03_Len=138077151_13954,0.0332230298920606,0.5684669913982691,-18.8,3,1,39691.8,87.0,2.0,77858,77066,0,792,no,False,20,True,21,56,Confident
GWHACBE00000003_Chromosome_3_Complete=T_Circular=F_OriSeqID=Chr03_Len=138077151_14060,0.0243708156832913,0.2465164297397551,-20.4,2,2,494058.9,87.0,2.0,969079,966210,611,2258,no,False,22,True,22,70,Confident
GWHACBE00000003_Chromosome_3_Complete=T_Circular=F_OriSeqID=Chr03_Len=138077151_14101,0.0,0.0,-28.1,3,0,1781.5,87.0,2.0,3497,3364,20,113,no,False,25,True,21,68,Candidate
GWHACBE00000003_Chromosome_3_Complete=T_Circular=F_OriSeqID=Chr03_Len=138077151_14104,0.1312307300841175,0.205711328276448,-31.8,2,2,1966.5,87.0,2.0,3859,2527,0,1332,no,False,22,False,23,82,Confident
GWHACBE00000003_Chromosome_3_Complete=T_Circular=F_OriSeqID=Chr03_Len=138077151_14150,0.0,,-40.1,2,2,0.3,42.0,2.0,47,47,0,0,no,False,21,False,21,65,Candidate
GWHACBE00000003_Chromosome_3_Complete=T_Circular=F_OriSeqID=Chr03_Len=138077151_14177,0.0,0.0,-21.0,2,3,44.7,87.0,2.0,91,85,0,6,no,False,22,False,23,58,Candidate
GWHACBE00000003_Chromosome_3_Complete=T_Circular=F_OriSeqID=Chr03_Len=138077151_14233,0.6266833469965556,0.8198002521335521,-31.3,2,2,0.3,42.0,2.0,137,88,49,0,no,False,22,True,22,78,falsepositive
GWHACBE00000003_Chromosome_3_Complete=T_Circular=F_OriSeqID=Chr03_Len=138077151_14261,0.0,,-40.9,2,2,0.6,42.0,2.0,36,36,0,0,no,False,22,True,22,76,Candidate
GWHACBE00000003_Chromosome_3_Complete=T_Circular=F_OriSeqID=Chr03_Len=138077151_14379,0.4149190851958445,,-4.1,15,16,186.5,87.0,2.0,390,356,0,34,no,False,18,True,19,37,falsepositive
GWHACBE00000003_Chromosome_3_Complete=T_Circular=F_OriSeqID=Chr03_Len=138077151_14388,0.114424337458768,0.2866083186829246,-31.7,2,2,1190.4,87.0,2.0,2336,1638,0,698,no,False,21,False,23,58,Confident
GWHACBE00000003_Chromosome_3_Complete=T_Circular=F_OriSeqID=Chr03_Len=138077151_14501,0.0,,-32.5,2,3,0.0,42.0,2.0,23,23,0,0,no,False,23,True,24,62,Candidate
GWHACBE00000003_Chromosome_3_Complete=T_Circular=F_OriSeqID=Chr03_Len=138077151_14591,0.8393307614611265,,-42.1,2,2,0.9,42.0,2.0,216,216,0,0,no,False,21,True,21,60,Candidate
GWHACBE00000003_Chromosome_3_Complete=T_Circular=F_OriSeqID=Chr03_Len=138077151_14627,0.4854607604573744,,-56.8,2,2,1.0,81.0,2.0,38,38,0,0,no,False,23,False,23,57,Candidate
GWHACBE00000003_Chromosome_3_Complete=T_Circular=F_OriSeqID=Chr03_Len=138077151_14692,0.0,,-29.7,2,2,0.0,42.0,2.0,27,27,0,0,no,False,21,False,24,63,Candidate
GWHACBE00000003_Chromosome_3_Complete=T_Circular=F_OriSeqID=Chr03_Len=138077151_14698,0.9995376221470322,,-34.2,2,2,0.3,42.0,2.0,158,158,0,0,no,False,22,True,22,58,Candidate
GWHACBE00000003_Chromosome_3_Complete=T_Circular=F_OriSeqID=Chr03_Len=138077151_14811,0.0,0.0,-18.8,2,3,52.9,87.0,2.0,107,86,0,21,no,False,23,True,22,61,Candidate
GWHACBE00000003_Chromosome_3_Complete=T_Circular=F_OriSeqID=Chr03_Len=138077151_14830,0.7432299396796808,,-22.7,0,2,0.0,42.0,2.0,221,221,0,0,no,False,20,True,25,70,falsepositive
GWHACBE00000003_Chromosome_3_Complete=T_Circular=F_OriSeqID=Chr03_Len=138077151_14835,0.8366407416526283,0.0,-23.1,2,1,76.4,87.0,2.0,152,135,0,17,no,False,21,True,22,56,falsepositive
GWHACBE00000003_Chromosome_3_Complete=T_Circular=F_OriSeqID=Chr03_Len=138077151_14841,0.6734503662789127,0.0,-24.8,1,3,175.5,87.0,2.0,346,339,0,7,no,False,23,False,21,62,falsepositive
GWHACBE00000003_Chromosome_3_Complete=T_Circular=F_OriSeqID=Chr03_Len=138077151_14982,0.5557655536073993,0.0,-25.9,0,3,0.1,42.0,2.0,409,396,0,13,no,False,22,False,26,61,Candidate
GWHACBE00000003_Chromosome_3_Complete=T_Circular=F_OriSeqID=Chr03_Len=138077151_14984,0.4912373415357941,0.0,-40.1,2,2,92.5,87.0,2.0,181,140,0,41,no,False,22,False,22,61,Candidate
GWHACBE00000003_Chromosome_3_Complete=T_Circular=F_OriSeqID=Chr03_Len=138077151_14998,0.1301068321144549,0.9182958337659504,-33.1,3,2,0.0,42.0,2.0,1524,1484,25,15,no,False,22,True,21,63,Candidate
GWHACBE00000003_Chromosome_3_Complete=T_Circular=F_OriSeqID=Chr03_Len=138077151_15052,0.3912435633407166,,-18.5,2,2,0.1,42.0,2.0,52,52,0,0,no,False,23,True,23,63,falsepositive
GWHACBE00000003_Chromosome_3_Complete=T_Circular=F_OriSeqID=Chr03_Len=138077151_15103,0.0,0.9994110644502162,-18.1,1,1,34.8,87.0,2.0,73,38,0,35,no,False,23,True,22,57,Candidate
GWHACBE00000003_Chromosome_3_Complete=T_Circular=F_OriSeqID=Chr03_Len=138077151_15155,0.0,0.7186484723138362,-20.8,1,5,191.7,87.0,2.0,378,185,0,193,no,False,24,True,19,61,Confident
GWHACBE00000003_Chromosome_3_Complete=T_Circular=F_OriSeqID=Chr03_Len=138077151_15201,0.6344590262039431,0.9811522339113744,-16.0,1,3,1022.6,87.0,2.0,2008,1977,0,31,no,False,23,True,21,58,Confident
GWHACBE00000003_Chromosome_3_Complete=T_Circular=F_OriSeqID=Chr03_Len=138077151_15205,0.0403073106172382,0.5458839012170433,-20.2,2,3,87552.4,87.0,2.0,171732,171430,0,302,no,False,24,True,22,63,Confident
GWHACBE00000003_Chromosome_3_Complete=T_Circular=F_OriSeqID=Chr03_Len=138077151_15213,0.6857806115700691,0.8196004343310621,-20.2,2,2,0.1,42.0,2.0,1812,1777,35,0,no,False,23,True,22,61,Confident
GWHACBE00000003_Chromosome_3_Complete=T_Circular=F_OriSeqID=Chr03_Len=138077151_15262,0.5690202393095135,0.9755307717445548,-32.4,0,2,0.4,42.0,2.0,85,78,0,7,no,False,22,True,20,61,falsepositive
GWHACBE00000003_Chromosome_3_Complete=T_Circular=F_OriSeqID=Chr03_Len=138077151_15394,0.0,,-34.0,2,2,0.1,42.0,2.0,24,24,0,0,no,False,21,False,21,64,Candidate
GWHACBE00000003_Chromosome_3_Complete=T_Circular=F_OriSeqID=Chr03_Len=138077151_15398,0.6395663135995108,0.960927199994508,-29.2,1,2,126.8,87.0,2.0,252,154,77,21,no,False,25,False,21,85,falsepositive
GWHACBE00000003_Chromosome_3_Complete=T_Circular=F_OriSeqID=Chr03_Len=138077151_15406,0.246612243773559,0.0,-20.7,3,1,270.7,87.0,2.0,535,508,0,27,no,False,22,True,20,57,Candidate
GWHACBE00000003_Chromosome_3_Complete=T_Circular=F_OriSeqID=Chr03_Len=138077151_15489,0.0,0.0,-19.5,2,1,158.2,87.0,2.0,315,278,0,37,no,False,21,True,21,59,Candidate
GWHACBE00000003_Chromosome_3_Complete=T_Circular=F_OriSeqID=Chr03_Len=138077151_15509,0.2859679010105774,0.0,-18.3,5,3,341.7,87.0,2.0,673,666,0,7,no,False,23,True,24,65,Candidate
GWHACBE00000003_Chromosome_3_Complete=T_Circular=F_OriSeqID=Chr03_Len=138077151_15539,0.5075821227651643,0.8222671138914706,-32.9,2,1,1597.1,87.0,2.0,3134,2815,0,319,no,False,22,True,21,60,Confident
GWHACBE00000003_Chromosome_3_Complete=T_Circular=F_OriSeqID=Chr03_Len=138077151_15541,0.5075821227651643,0.8222671138914706,-32.9,2,1,1597.1,87.0,2.0,3134,2815,0,319,no,False,22,True,21,60,Confident
GWHACBE00000003_Chromosome_3_Complete=T_Circular=F_OriSeqID=Chr03_Len=138077151_15615,0.2946152053642681,0.799633159014041,-17.6,3,1,166.0,87.0,2.0,327,146,0,181,no,False,23,False,22,62,Candidate
GWHACBE00000003_Chromosome_3_Complete=T_Circular=F_OriSeqID=Chr03_Len=138077151_15644,0.144074571693118,0.4607365600093053,-14.0,2,2,34915.6,87.0,2.0,68488,63542,0,4946,no,False,22,True,24,61,Confident
GWHACBE00000003_Chromosome_3_Complete=T_Circular=F_OriSeqID=Chr03_Len=138077151_15886,0.0,,-41.9,2,2,0.4,42.0,2.0,34,34,0,0,no,False,23,True,23,79,Candidate
GWHACBE00000003_Chromosome_3_Complete=T_Circular=F_OriSeqID=Chr03_Len=138077151_15897,0.0447080672423231,0.1999795218780618,-23.3,2,1,62493.4,87.0,2.0,122580,122098,0,482,no,False,22,True,22,60,Confident
GWHACBE00000003_Chromosome_3_Complete=T_Circular=F_OriSeqID=Chr03_Len=138077151_15900,0.783776947196162,0.8685339599766959,-25.4,1,1,114.4,87.0,2.0,219,150,0,69,no,True,25,False,23,65,Confident
GWHACBE00000003_Chromosome_3_Complete=T_Circular=F_OriSeqID=Chr03_Len=138077151_15995,0.9840304708831626,0.0,-20.5,0,0,56.3,87.0,2.0,113,101,0,12,no,False,22,False,21,58,Candidate
GWHACBE00000003_Chromosome_3_Complete=T_Circular=F_OriSeqID=Chr03_Len=138077151_16025,0.0050998967705312,0.3151040954501854,-23.3,2,2,1762132.6,87.0,2.0,3456350,3454822,0,1528,no,False,22,True,22,59,Confident
GWHACBE00000003_Chromosome_3_Complete=T_Circular=F_OriSeqID=Chr03_Len=138077151_16116,0.0431251948775283,0.0049171275483817,-24.7,2,2,169385.4,87.0,2.0,332244,327043,0,5201,no,False,23,True,22,59,Confident
GWHACBE00000003_Chromosome_3_Complete=T_Circular=F_OriSeqID=Chr03_Len=138077151_16233,0.9887538872698406,0.0,-11.5,2,1,326.5,87.0,2.0,656,597,0,59,no,False,23,True,23,63,falsepositive
GWHACBE00000003_Chromosome_3_Complete=T_Circular=F_OriSeqID=Chr03_Len=138077151_16276,0.712064054602009,0.0,-22.5,2,2,23.5,87.0,2.0,47,41,0,6,no,False,22,True,20,57,falsepositive
GWHACBE00000003_Chromosome_3_Complete=T_Circular=F_OriSeqID=Chr03_Len=138077151_16317,0.2781088553789012,0.5708809237083978,-38.9,5,4,0.5,42.0,2.0,958,666,0,292,no,False,23,True,22,62,falsepositive
GWHACBE00000003_Chromosome_3_Complete=T_Circular=F_OriSeqID=Chr03_Len=138077151_16328,0.0,0.0,-22.3,3,1,27.7,87.0,2.0,57,47,0,10,no,False,23,True,21,57,Candidate
GWHACBE00000003_Chromosome_3_Complete=T_Circular=F_OriSeqID=Chr03_Len=138077151_16337,0.8783609384816886,,-36.3,2,3,0.1,42.0,2.0,168,168,0,0,no,False,24,True,23,64,Candidate
GWHACBE00000003_Chromosome_3_Complete=T_Circular=F_OriSeqID=Chr03_Len=138077151_16462,0.8393307614611265,,-39.3,2,2,0.7,42.0,2.0,216,216,0,0,no,False,21,True,21,60,Candidate
GWHACBE00000003_Chromosome_3_Complete=T_Circular=F_OriSeqID=Chr03_Len=138077151_16508,0.5547781630527345,,-55.3,2,2,0.9,42.0,2.0,31,31,0,0,no,False,23,False,23,57,Candidate
GWHACBE00000003_Chromosome_3_Complete=T_Circular=F_OriSeqID=Chr03_Len=138077151_16534,0.9262859039391692,0.0,-32.7,2,6,45.0,87.0,2.0,90,26,0,64,no,False,19,True,23,55,Candidate
GWHACBE00000004_Chromosome_4_Complete=T_Circular=F_OriSeqID=Chr04_Len=123808561_16641,0.0,0.4220005165946141,-24.8,2,3,0.1,42.0,2.0,351,223,0,128,no,False,23,True,22,72,Candidate
GWHACBE00000004_Chromosome_4_Complete=T_Circular=F_OriSeqID=Chr04_Len=123808561_16700,0.0,0.0,-15.7,1,1,100.4,87.0,2.0,199,193,0,6,no,False,24,True,23,58,falsepositive
GWHACBE00000004_Chromosome_4_Complete=T_Circular=F_OriSeqID=Chr04_Len=123808561_16732,0.7929451774597429,,-30.8,3,2,0.1,42.0,2.0,147,147,0,0,no,False,22,False,23,63,falsepositive
GWHACBE00000004_Chromosome_4_Complete=T_Circular=F_OriSeqID=Chr04_Len=123808561_16872,0.6665783577063815,,-27.4,2,2,0.0,42.0,2.0,69,69,0,0,no,False,22,False,22,66,Candidate
GWHACBE00000004_Chromosome_4_Complete=T_Circular=F_OriSeqID=Chr04_Len=123808561_16915,0.0,0.0,-20.0,2,2,14.3,87.0,2.0,30,27,0,3,no,False,21,True,21,58,falsepositive
GWHACBE00000004_Chromosome_4_Complete=T_Circular=F_OriSeqID=Chr04_Len=123808561_16959,0.3095434288617861,,-40.6,2,2,0.5,42.0,2.0,90,90,0,0,no,False,23,True,23,58,Candidate
GWHACBE00000004_Chromosome_4_Complete=T_Circular=F_OriSeqID=Chr04_Len=123808561_16992,0.9872516845899656,0.0,-36.4,1,2,60.7,87.0,2.0,120,113,0,7,no,False,22,True,21,62,Candidate
GWHACBE00000004_Chromosome_4_Complete=T_Circular=F_OriSeqID=Chr04_Len=123808561_17054,0.0,0.8993123015814813,-16.9,2,1,46.1,87.0,2.0,92,24,0,68,no,False,22,True,22,60,Candidate
GWHACBE00000004_Chromosome_4_Complete=T_Circular=F_OriSeqID=Chr04_Len=123808561_17059,0.0,0.96407876451969,-15.8,6,1,0.0,42.0,2.0,75,64,0,11,no,False,19,False,19,41,falsepositive
GWHACBE00000004_Chromosome_4_Complete=T_Circular=F_OriSeqID=Chr04_Len=123808561_17109,0.3871122800762434,0.0,-21.9,3,3,728.1,87.0,2.0,1430,1416,0,14,no,False,22,False,22,57,Confident
GWHACBE00000004_Chromosome_4_Complete=T_Circular=F_OriSeqID=Chr04_Len=123808561_17338,0.0,,-33.6,2,2,0.4,42.0,2.0,36,36,0,0,no,False,22,True,22,62,Candidate
GWHACBE00000004_Chromosome_4_Complete=T_Circular=F_OriSeqID=Chr04_Len=123808561_17351,0.4445522332827248,0.8256265258693565,-35.5,1,2,80.6,87.0,2.0,159,119,0,40,no,False,21,True,23,61,Candidate
GWHACBE00000004_Chromosome_4_Complete=T_Circular=F_OriSeqID=Chr04_Len=123808561_17355,0.0,0.0,-23.7,1,0,66.3,87.0,2.0,131,118,0,13,no,False,22,True,20,62,falsepositive
GWHACBE00000004_Chromosome_4_Complete=T_Circular=F_OriSeqID=Chr04_Len=123808561_17367,0.0,0.9996437493893172,-16.7,5,5,247.6,87.0,2.0,487,442,0,45,no,False,22,False,22,59,falsepositive
GWHACBE00000004_Chromosome_4_Complete=T_Circular=F_OriSeqID=Chr04_Len=123808561_17382,0.9238422281686424,,-45.7,1,2,0.6,42.0,2.0,59,59,0,0,no,False,22,False,21,63,Candidate
GWHACBE00000004_Chromosome_4_Complete=T_Circular=F_OriSeqID=Chr04_Len=123808561_17397,0.0,0.7642045062200812,-29.9,4,6,87.4,87.0,2.0,174,170,0,4,no,False,19,True,21,77,falsepositive
GWHACBE00000004_Chromosome_4_Complete=T_Circular=F_OriSeqID=Chr04_Len=123808561_17445,0.1533824826029478,0.0,-25.4,2,3,0.0,42.0,2.0,1105,1096,9,0,no,False,21,True,23,64,Candidate
GWHACBE00000004_Chromosome_4_Complete=T_Circular=F_OriSeqID=Chr04_Len=123808561_17500,0.531340013891628,0.9445113714832556,-39.7,2,2,63.2,87.0,2.0,124,58,0,66,no,False,22,True,22,60,Candidate
GWHACBE00000004_Chromosome_4_Complete=T_Circular=F_OriSeqID=Chr04_Len=123808561_17550,0.4239840121913415,,-43.9,2,2,0.5,42.0,2.0,309,309,0,0,no,False,22,True,22,85,falsepositive
GWHACBE00000004_Chromosome_4_Complete=T_Circular=F_OriSeqID=Chr04_Len=123808561_17614,0.0,0.0,-17.8,4,4,15.3,87.0,2.0,38,26,0,12,no,False,18,False,20,84,falsepositive
GWHACBE00000004_Chromosome_4_Complete=T_Circular=F_OriSeqID=Chr04_Len=123808561_17618,0.7744600626794724,0.0,-47.0,2,2,0.3,42.0,2.0,105,105,0,0,no,False,22,True,22,75,falsepositive
GWHACBE00000004_Chromosome_4_Complete=T_Circular=F_OriSeqID=Chr04_Len=123808561_17629,0.6445941897709341,,-31.3,2,2,0.7,42.0,2.0,197,197,0,0,no,False,21,True,21,74,falsepositive
GWHACBE00000004_Chromosome_4_Complete=T_Circular=F_OriSeqID=Chr04_Len=123808561_17641,0.8974271927991562,,-42.8,2,2,0.6,42.0,2.0,51,51,0,0,no,False,22,True,22,63,Candidate
GWHACBE00000004_Chromosome_4_Complete=T_Circular=F_OriSeqID=Chr04_Len=123808561_17643,0.8065168039811608,0.6912898691172499,-24.1,3,5,1423.8,87.0,2.0,2795,2768,0,27,no,False,20,True,22,45,falsepositive
GWHACBE00000004_Chromosome_4_Complete=T_Circular=F_OriSeqID=Chr04_Len=123808561_17647,0.7927772688470802,0.6912898691172499,-24.1,3,5,1402.7,87.0,2.0,2754,2727,0,27,no,False,20,True,22,45,falsepositive
GWHACBE00000004_Chromosome_4_Complete=T_Circular=F_OriSeqID=Chr04_Len=123808561_17651,0.0379621957827604,0.5159469297189084,-26.5,2,0,0.0,42.0,2.0,26018,26018,0,0,no,False,24,True,23,63,Confident
GWHACBE00000004_Chromosome_4_Complete=T_Circular=F_OriSeqID=Chr04_Len=123808561_17654,0.0192066729994859,0.8981902254178044,-18.7,2,2,15790.1,87.0,2.0,30975,30678,38,259,no,False,23,True,22,63,Confident
GWHACBE00000004_Chromosome_4_Complete=T_Circular=F_OriSeqID=Chr04_Len=123808561_17657,0.7927772688470802,0.6912898691172499,-24.1,3,5,1402.7,87.0,2.0,2754,2727,0,27,no,False,20,True,22,45,falsepositive
GWHACBE00000004_Chromosome_4_Complete=T_Circular=F_OriSeqID=Chr04_Len=123808561_17660,0.724398187875678,0.0,-30.4,2,1,218.7,87.0,2.0,430,380,0,50,no,False,21,False,22,59,falsepositive
GWHACBE00000004_Chromosome_4_Complete=T_Circular=F_OriSeqID=Chr04_Len=123808561_17724,0.988212082440258,,-41.9,2,2,1.0,81.0,2.0,94,94,0,0,no,False,22,True,22,57,Candidate
GWHACBE00000004_Chromosome_4_Complete=T_Circular=F_OriSeqID=Chr04_Len=123808561_17861,0.4447062816569803,0.9658453761553424,-18.5,2,3,5727.5,87.0,2.0,11241,10161,0,1080,no,False,22,True,23,69,Confident
GWHACBE00000004_Chromosome_4_Complete=T_Circular=F_OriSeqID=Chr04_Len=123808561_17954,0.4780177491006873,0.3665780122648069,-34.3,1,2,330.8,87.0,2.0,650,593,0,57,no,False,22,True,21,62,Candidate
GWHACBE00000004_Chromosome_4_Complete=T_Circular=F_OriSeqID=Chr04_Len=123808561_18016,0.0069966788763346,0.3754304003522847,-27.1,2,2,683972.0,87.0,2.0,1341583,1340586,115,882,no,False,22,True,24,65,Confident
GWHACBE00000004_Chromosome_4_Complete=T_Circular=F_OriSeqID=Chr04_Len=123808561_18047,0.3372900663284749,,-31.1,2,2,0.1,42.0,2.0,32,32,0,0,no,False,22,True,22,55,Candidate
GWHACBE00000004_Chromosome_4_Complete=T_Circular=F_OriSeqID=Chr04_Len=123808561_18068,0.0,,-28.6,2,0,0.5,42.0,2.0,351,351,0,0,no,False,22,True,24,56,Candidate
GWHACBE00000004_Chromosome_4_Complete=T_Circular=F_OriSeqID=Chr04_Len=123808561_18251,0.0692022732636283,0.0,-22.8,1,1,859.0,87.0,2.0,1687,1299,0,388,no,False,21,False,22,55,Candidate
GWHACBE00000004_Chromosome_4_Complete=T_Circular=F_OriSeqID=Chr04_Len=123808561_18276,0.0,,-24.5,2,2,0.3,42.0,2.0,55,55,0,0,no,False,21,False,19,72,Candidate
GWHACBE00000004_Chromosome_4_Complete=T_Circular=F_OriSeqID=Chr04_Len=123808561_18308,0.8941882230324145,0.8527549881879781,-2.6,0,1,25.6,87.0,2.0,307,31,80,196,no,False,19,False,21,87,falsepositive
GWHACBE00000004_Chromosome_4_Complete=T_Circular=F_OriSeqID=Chr04_Len=123808561_18359,0.1626921298706073,0.0,-25.2,3,3,131.3,87.0,2.0,259,254,0,5,no,False,22,False,22,65,falsepositive
GWHACBE00000004_Chromosome_4_Complete=T_Circular=F_OriSeqID=Chr04_Len=123808561_18385,0.0278273663102551,0.4199210970871789,-19.6,2,2,1040.8,87.0,2.0,2051,1965,0,86,no,False,21,True,23,60,Candidate
GWHACBE00000004_Chromosome_4_Complete=T_Circular=F_OriSeqID=Chr04_Len=123808561_18414,0.0,,-27.3,2,2,0.2,42.0,2.0,28,28,0,0,no,False,22,True,27,55,Candidate
GWHACBE00000004_Chromosome_4_Complete=T_Circular=F_OriSeqID=Chr04_Len=123808561_18435,0.0,,-31.9,2,2,0.0,42.0,2.0,30,30,0,0,no,False,22,True,22,67,falsepositive
GWHACBE00000004_Chromosome_4_Complete=T_Circular=F_OriSeqID=Chr04_Len=123808561_18505,0.016255757128181,0.1940505896603404,-20.6,2,1,123927.5,87.0,2.0,243082,242347,0,735,no,False,22,True,22,61,Confident
GWHACBE00000004_Chromosome_4_Complete=T_Circular=F_OriSeqID=Chr04_Len=123808561_18512,0.3095434288617861,,-40.6,2,2,0.6,42.0,2.0,90,90,0,0,no,False,23,True,23,58,Candidate
GWHACBE00000004_Chromosome_4_Complete=T_Circular=F_OriSeqID=Chr04_Len=123808561_18520,0.8829589688576862,0.0,-14.4,2,3,77.0,87.0,2.0,154,146,0,8,no,False,20,True,22,58,falsepositive
GWHACBE00000004_Chromosome_4_Complete=T_Circular=F_OriSeqID=Chr04_Len=123808561_18591,0.7886478781308401,0.8192501437658712,-20.8,0,1,90.1,87.0,2.0,178,103,0,75,no,False,25,True,22,63,falsepositive
GWHACBE00000004_Chromosome_4_Complete=T_Circular=F_OriSeqID=Chr04_Len=123808561_18682,0.02773755558951,0.7907067262297304,-21.4,1,2,3927.3,87.0,2.0,7705,7566,0,139,no,False,21,True,23,63,Candidate
GWHACBE00000004_Chromosome_4_Complete=T_Circular=F_OriSeqID=Chr04_Len=123808561_18778,0.0,,-36.1,2,2,1.1,81.0,2.0,25,25,0,0,no,False,22,False,22,48,falsepositive
GWHACBE00000004_Chromosome_4_Complete=T_Circular=F_OriSeqID=Chr04_Len=123808561_18822,0.0529086649219482,,-25.3,2,2,0.0,42.0,2.0,3619,3619,0,0,no,False,22,True,23,66,Confident
GWHACBE00000004_Chromosome_4_Complete=T_Circular=F_OriSeqID=Chr04_Len=123808561_19033,0.5052685218826722,0.6858128828994493,-20.4,2,1,93.7,87.0,2.0,193,177,0,16,no,False,22,True,23,57,Candidate
GWHACBE00000004_Chromosome_4_Complete=T_Circular=F_OriSeqID=Chr04_Len=123808561_19156,0.0,,-31.8,6,3,0.1,42.0,2.0,66,66,0,0,no,False,19,True,16,77,falsepositive
GWHACBE00000004_Chromosome_4_Complete=T_Circular=F_OriSeqID=Chr04_Len=123808561_19161,0.0,,-43.9,2,2,0.8,42.0,2.0,39,39,0,0,no,False,22,False,22,59,Candidate
GWHACBE00000004_Chromosome_4_Complete=T_Circular=F_OriSeqID=Chr04_Len=123808561_19220,0.968461008471623,,-15.0,2,2,0.0,42.0,2.0,48,48,0,0,no,False,21,True,23,54,falsepositive
GWHACBE00000004_Chromosome_4_Complete=T_Circular=F_OriSeqID=Chr04_Len=123808561_19305,0.6748683148578456,0.0,-25.5,2,0,0.1,42.0,2.0,161,152,0,9,no,False,21,True,23,57,Candidate
GWHACBE00000004_Chromosome_4_Complete=T_Circular=F_OriSeqID=Chr04_Len=123808561_19335,0.6375040416177625,0.9445113714832556,-40.0,2,2,255.4,87.0,2.0,501,435,0,66,no,False,22,True,22,60,Candidate
GWHACBE00000004_Chromosome_4_Complete=T_Circular=F_OriSeqID=Chr04_Len=123808561_19431,0.7744600626794724,0.0,-49.2,2,2,0.5,42.0,2.0,105,105,0,0,no,False,22,True,22,75,falsepositive
GWHACBE00000004_Chromosome_4_Complete=T_Circular=F_OriSeqID=Chr04_Len=123808561_19452,0.6445941897709341,,-32.2,2,2,0.7,42.0,2.0,197,197,0,0,no,False,21,True,21,74,falsepositive
GWHACBE00000004_Chromosome_4_Complete=T_Circular=F_OriSeqID=Chr04_Len=123808561_19555,0.988212082440258,,-41.9,2,2,1.0,81.0,2.0,94,94,0,0,no,False,22,True,22,57,Candidate
GWHACBE00000004_Chromosome_4_Complete=T_Circular=F_OriSeqID=Chr04_Len=123808561_19647,0.5094485840098016,0.3665780122648069,-38.0,1,2,353.3,87.0,2.0,694,637,0,57,no,False,22,True,21,62,Confident
GWHACBE00000004_Chromosome_4_Complete=T_Circular=F_OriSeqID=Chr04_Len=123808561_19664,0.3657238492203112,0.9182958337659504,-23.3,3,4,323.1,87.0,2.0,643,628,0,15,no,False,22,True,22,58,falsepositive
GWHACBE00000004_Chromosome_4_Complete=T_Circular=F_OriSeqID=Chr04_Len=123808561_19736,0.0649695367446309,0.1001064428238563,-22.1,2,2,921.9,87.0,2.0,1811,1042,0,769,no,False,23,True,22,64,Confident
GWHACBE00000005_Chromosome_5_Complete=T_Circular=F_OriSeqID=Chr05_Len=111976267_19915,0.8012024610687293,,-31.6,2,2,0.1,42.0,2.0,265,265,0,0,no,False,22,True,22,49,Candidate
GWHACBE00000005_Chromosome_5_Complete=T_Circular=F_OriSeqID=Chr05_Len=111976267_20086,0.009077764099047,0.3398550779336052,-23.2,2,2,1335889.1,87.0,2.0,2620291,2620196,0,95,no,False,22,True,22,60,Confident
GWHACBE00000005_Chromosome_5_Complete=T_Circular=F_OriSeqID=Chr05_Len=111976267_20102,0.0,,-24.0,3,2,0.8,42.0,2.0,71,71,0,0,no,False,22,True,22,60,Candidate
GWHACBE00000005_Chromosome_5_Complete=T_Circular=F_OriSeqID=Chr05_Len=111976267_20119,0.0,,-20.5,3,7,0.1,42.0,2.0,27,27,0,0,no,False,19,True,22,50,falsepositive
GWHACBE00000005_Chromosome_5_Complete=T_Circular=F_OriSeqID=Chr05_Len=111976267_20176,0.1355189204107119,0.4656599801537966,-21.0,2,3,241299.1,87.0,2.0,473300,472633,0,667,no,False,23,True,22,61,Confident
GWHACBE00000005_Chromosome_5_Complete=T_Circular=F_OriSeqID=Chr05_Len=111976267_20195,0.5413706475287936,0.0,-6.5,4,1,629.1,87.0,2.0,1240,1228,0,12,no,False,19,True,19,60,Candidate
GWHACBE00000005_Chromosome_5_Complete=T_Circular=F_OriSeqID=Chr05_Len=111976267_20201,0.0,,-27.2,2,1,0.0,42.0,2.0,25,25,0,0,no,False,24,False,21,69,falsepositive
GWHACBE00000005_Chromosome_5_Complete=T_Circular=F_OriSeqID=Chr05_Len=111976267_20240,0.0,,-27.6,2,2,0.0,42.0,2.0,36,36,0,0,no,False,24,False,22,64,Candidate
GWHACBE00000005_Chromosome_5_Complete=T_Circular=F_OriSeqID=Chr05_Len=111976267_20291,0.0174861343210218,0.1450063496084574,-20.2,1,3,44647.4,87.0,2.0,87577,85833,0,1744,no,False,20,True,23,58,Confident
GWHACBE00000005_Chromosome_5_Complete=T_Circular=F_OriSeqID=Chr05_Len=111976267_20302,0.0,,-41.6,2,2,0.3,42.0,2.0,24,24,0,0,no,False,20,True,20,86,falsepositive
GWHACBE00000005_Chromosome_5_Complete=T_Circular=F_OriSeqID=Chr05_Len=111976267_20326,0.7756280563803964,0.0,-23.4,0,1,0.0,42.0,2.0,53,45,0,8,no,False,21,False,19,50,falsepositive
GWHACBE00000005_Chromosome_5_Complete=T_Circular=F_OriSeqID=Chr05_Len=111976267_20358,0.628533321884913,0.1646396844030141,-27.7,2,4,355.6,87.0,2.0,698,533,0,165,no,False,23,False,21,60,Candidate
GWHACBE00000005_Chromosome_5_Complete=T_Circular=F_OriSeqID=Chr05_Len=111976267_20425,0.0,,-23.7,2,2,0.1,42.0,2.0,73,73,0,0,no,False,21,True,21,63,Candidate
GWHACBE00000005_Chromosome_5_Complete=T_Circular=F_OriSeqID=Chr05_Len=111976267_20455,0.018037554403869,0.0,-22.1,2,2,20640.9,87.0,2.0,40488,39576,0,912,no,False,21,False,22,56,Confident
GWHACBE00000005_Chromosome_5_Complete=T_Circular=F_OriSeqID=Chr05_Len=111976267_20499,0.7640680690969059,,-34.9,2,2,0.2,42.0,2.0,60,60,0,0,no,False,22,False,22,51,falsepositive
GWHACBE00000005_Chromosome_5_Complete=T_Circular=F_OriSeqID=Chr05_Len=111976267_20564,0.0,0.8112781241705938,-23.3,3,2,62.4,87.0,2.0,124,103,0,21,no,False,23,True,23,66,Candidate
GWHACBE00000005_Chromosome_5_Complete=T_Circular=F_OriSeqID=Chr05_Len=111976267_20622,0.0,0.0,-12.3,2,2,28.4,87.0,2.0,67,61,0,6,no,False,22,True,21,64,falsepositive
GWHACBE00000005_Chromosome_5_Complete=T_Circular=F_OriSeqID=Chr05_Len=111976267_21060,0.0055122434266775,0.0,-21.4,3,2,1170.6,87.0,2.0,2298,2286,0,12,no,False,22,True,21,59,Confident
GWHACBE00000005_Chromosome_5_Complete=T_Circular=F_OriSeqID=Chr05_Len=111976267_21072,0.0055122434266775,0.0,-21.4,3,2,1170.9,87.0,2.0,2298,2286,0,12,no,False,22,True,21,59,Confident
GWHACBE00000005_Chromosome_5_Complete=T_Circular=F_OriSeqID=Chr05_Len=111976267_21152,0.5513394261797271,0.0,-34.5,1,2,97.2,87.0,2.0,191,161,0,30,no,False,21,False,22,54,Candidate
GWHACBE00000005_Chromosome_5_Complete=T_Circular=F_OriSeqID=Chr05_Len=111976267_21179,0.0082908583764302,0.0,-17.7,1,2,0.6,42.0,2.0,29822,29822,0,0,no,False,22,True,22,60,Confident
GWHACBE00000005_Chromosome_5_Complete=T_Circular=F_OriSeqID=Chr05_Len=111976267_21223,0.8799220842051964,0.0,-25.1,2,5,57.9,87.0,2.0,117,115,0,2,no,False,22,True,19,46,falsepositive
GWHACBE00000005_Chromosome_5_Complete=T_Circular=F_OriSeqID=Chr05_Len=111976267_21286,0.0338317360990341,0.0204275182263474,-19.5,2,1,73224.2,87.0,2.0,143630,143119,0,511,no,False,23,True,22,61,Confident
GWHACBE00000005_Chromosome_5_Complete=T_Circular=F_OriSeqID=Chr05_Len=111976267_21311,0.0,0.0,-20.9,2,4,1.8,81.0,2.0,47,40,7,0,no,True,20,True,18,77,Confident
GWHACBE00000005_Chromosome_5_Complete=T_Circular=F_OriSeqID=Chr05_Len=111976267_21315,0.0,0.0,-13.9,1,2,21.2,87.0,2.0,46,39,0,7,no,False,22,True,22,60,Candidate
GWHACBE00000005_Chromosome_5_Complete=T_Circular=F_OriSeqID=Chr05_Len=111976267_21353,0.8296071027996641,,-31.7,2,2,0.5,42.0,2.0,42,42,0,0,no,False,22,True,22,56,Candidate
GWHACBE00000005_Chromosome_5_Complete=T_Circular=F_OriSeqID=Chr05_Len=111976267_21383,0.4364263497163078,0.0,-28.4,2,2,754.0,87.0,2.0,1480,1477,0,3,no,False,22,True,22,61,falsepositive
GWHACBE00000005_Chromosome_5_Complete=T_Circular=F_OriSeqID=Chr05_Len=111976267_21395,0.0,0.0,-26.1,1,1,25.1,87.0,2.0,54,41,0,13,no,False,19,False,21,87,falsepositive
GWHACBE00000005_Chromosome_5_Complete=T_Circular=F_OriSeqID=Chr05_Len=111976267_21436,0.0,,-26.9,2,2,0.0,42.0,2.0,87,87,0,0,no,False,22,True,23,61,Candidate
GWHACBE00000005_Chromosome_5_Complete=T_Circular=F_OriSeqID=Chr05_Len=111976267_21443,0.0,,-34.2,2,3,0.0,42.0,2.0,24,24,0,0,no,False,22,True,21,58,Candidate
GWHACBE00000005_Chromosome_5_Complete=T_Circular=F_OriSeqID=Chr05_Len=111976267_21472,0.0113397057501257,0.6500224213598151,-24.9,2,3,13205.0,87.0,2.0,25903,25878,0,25,no,False,22,True,23,60,Confident
GWHACBE00000005_Chromosome_5_Complete=T_Circular=F_OriSeqID=Chr05_Len=111976267_21474,0.1469767210744283,0.0,-23.0,2,4,1135.6,87.0,2.0,2230,2096,0,134,no,False,23,True,25,62,Confident
GWHACBE00000005_Chromosome_5_Complete=T_Circular=F_OriSeqID=Chr05_Len=111976267_21476,0.158399061591979,0.8805885805433001,-17.6,3,3,11676.9,87.0,2.0,22909,21201,0,1708,no,False,22,True,24,60,Confident
GWHACBE00000005_Chromosome_5_Complete=T_Circular=F_OriSeqID=Chr05_Len=111976267_21478,0.0518259281373287,0.7601139786698659,-20.5,1,2,1942.2,87.0,2.0,3813,3759,0,54,no,False,21,True,23,54,Confident
GWHACBE00000005_Chromosome_5_Complete=T_Circular=F_OriSeqID=Chr05_Len=111976267_21492,0.0,0.0,-26.8,0,2,75.0,87.0,2.0,149,73,0,76,no,False,22,True,20,55,Candidate
GWHACBE00000005_Chromosome_5_Complete=T_Circular=F_OriSeqID=Chr05_Len=111976267_21499,0.0,,-38.8,2,2,0.2,42.0,2.0,24,24,0,0,no,False,20,True,20,86,falsepositive
GWHACBE00000005_Chromosome_5_Complete=T_Circular=F_OriSeqID=Chr05_Len=111976267_21573,0.0,,-26.6,1,2,0.2,42.0,2.0,29,29,0,0,no,False,23,False,22,56,Candidate
GWHACBE00000005_Chromosome_5_Complete=T_Circular=F_OriSeqID=Chr05_Len=111976267_21606,0.0,,-45.7,2,3,0.9,42.0,2.0,27,27,0,0,no,False,23,False,24,59,Candidate
GWHACBE00000005_Chromosome_5_Complete=T_Circular=F_OriSeqID=Chr05_Len=111976267_21610,0.0,0.8453509363338975,-15.2,1,1,25.7,87.0,2.0,70,37,0,33,no,False,23,False,22,57,Candidate
GWHACBE00000005_Chromosome_5_Complete=T_Circular=F_OriSeqID=Chr05_Len=111976267_21611,0.0,,-15.3,2,0,0.0,42.0,2.0,25,25,0,0,no,False,23,True,25,57,Candidate
GWHACBE00000005_Chromosome_5_Complete=T_Circular=F_OriSeqID=Chr05_Len=111976267_22034,0.7258530716819551,0.959686893485678,-27.2,4,4,0.5,42.0,2.0,192,158,0,34,no,False,22,False,22,59,falsepositive
GWHACBE00000005_Chromosome_5_Complete=T_Circular=F_OriSeqID=Chr05_Len=111976267_22064,0.6138341794495523,0.940285958382092,-28.0,2,1,37.1,87.0,2.0,76,62,0,14,no,False,22,True,20,62,falsepositive
GWHACBE00000006_Chromosome_6_Complete=T_Circular=F_OriSeqID=Chr06_Len=88474218_22217,0.4924109210273593,0.0,-38.4,4,2,1.0,81.0,2.0,101,93,0,8,no,False,23,True,21,63,Candidate
GWHACBE00000006_Chromosome_6_Complete=T_Circular=F_OriSeqID=Chr06_Len=88474218_22218,0.4924109210273593,,-23.7,2,1,0.0,42.0,2.0,93,93,0,0,no,False,23,True,28,66,Candidate
GWHACBE00000006_Chromosome_6_Complete=T_Circular=F_OriSeqID=Chr06_Len=88474218_22234,0.0,0.0,-42.4,3,3,21.0,87.0,2.0,41,25,0,16,no,False,22,False,22,60,Candidate
GWHACBE00000006_Chromosome_6_Complete=T_Circular=F_OriSeqID=Chr06_Len=88474218_22300,0.0,0.9819407865755586,-35.1,2,2,197.9,87.0,2.0,389,370,0,19,no,False,22,True,22,51,falsepositive
GWHACBE00000006_Chromosome_6_Complete=T_Circular=F_OriSeqID=Chr06_Len=88474218_22421,0.8235143794331544,,-36.8,2,2,0.1,42.0,2.0,37,37,0,0,no,False,22,False,22,67,Candidate
GWHACBE00000006_Chromosome_6_Complete=T_Circular=F_OriSeqID=Chr06_Len=88474218_22678,0.366177591114556,0.5356122261644234,-36.0,4,3,0.5,42.0,2.0,11219,10157,0,1062,no,False,23,True,22,60,Confident
GWHACBE00000006_Chromosome_6_Complete=T_Circular=F_OriSeqID=Chr06_Len=88474218_22683,0.0154170708133047,0.0097901314526412,-31.4,2,2,20172.2,87.0,2.0,39569,37187,0,2382,no,False,22,True,22,82,Confident
GWHACBE00000006_Chromosome_6_Complete=T_Circular=F_OriSeqID=Chr06_Len=88474218_22696,0.0,,-28.7,2,2,0.3,42.0,2.0,172,172,0,0,no,False,21,True,21,76,Candidate
GWHACBE00000006_Chromosome_6_Complete=T_Circular=F_OriSeqID=Chr06_Len=88474218_22733,0.9003821534142133,,-21.7,2,2,0.0,42.0,2.0,77,77,0,0,no,False,22,True,25,60,falsepositive
GWHACBE00000006_Chromosome_6_Complete=T_Circular=F_OriSeqID=Chr06_Len=88474218_22763,0.0,0.0,-19.4,2,0,66.4,87.0,2.0,135,101,0,34,no,False,22,True,20,58,Candidate
GWHACBE00000006_Chromosome_6_Complete=T_Circular=F_OriSeqID=Chr06_Len=88474218_23210,0.8786744929287702,0.9980008835837606,-50.1,0,2,33.4,87.0,2.0,66,47,0,19,no,False,22,True,20,62,Candidate
GWHACBE00000006_Chromosome_6_Complete=T_Circular=F_OriSeqID=Chr06_Len=88474218_23298,0.0,0.0,-18.2,0,2,14.2,87.0,2.0,30,25,0,5,no,False,21,False,23,62,falsepositive
GWHACBE00000006_Chromosome_6_Complete=T_Circular=F_OriSeqID=Chr06_Len=88474218_23307,0.0,,-35.7,1,2,0.0,42.0,2.0,47,47,0,0,no,False,22,False,23,75,Candidate
GWHACBE00000006_Chromosome_6_Complete=T_Circular=F_OriSeqID=Chr06_Len=88474218_23354,0.0,0.0,-15.3,1,6,24.3,87.0,2.0,51,40,0,11,no,False,23,False,20,58,falsepositive
GWHACBE00000006_Chromosome_6_Complete=T_Circular=F_OriSeqID=Chr06_Len=88474218_23356,0.4841700848534079,0.6261776536851104,-28.5,3,3,193.0,87.0,2.0,379,309,0,70,no,False,22,False,22,61,Candidate
GWHACBE00000006_Chromosome_6_Complete=T_Circular=F_OriSeqID=Chr06_Len=88474218_23432,0.0,0.0,-23.0,3,1,29.7,87.0,2.0,63,38,0,25,no,False,23,False,22,63,Candidate
GWHACBE00000006_Chromosome_6_Complete=T_Circular=F_OriSeqID=Chr06_Len=88474218_23437,0.7030255107215245,0.9158235637066904,-37.2,0,0,0.2,42.0,2.0,100,53,0,47,no,False,22,False,22,61,falsepositive
GWHACBE00000006_Chromosome_6_Complete=T_Circular=F_OriSeqID=Chr06_Len=88474218_23472,0.0,0.0,-7.1,1,11,12.4,87.0,2.0,53,37,0,16,no,False,22,False,20,51,falsepositive
GWHACBE00000006_Chromosome_6_Complete=T_Circular=F_OriSeqID=Chr06_Len=88474218_23585,0.1759665992087563,0.8721617880526309,-17.7,3,5,18789.1,87.0,2.0,36856,36844,0,12,no,False,20,True,22,52,Candidate
GWHACBE00000006_Chromosome_6_Complete=T_Circular=F_OriSeqID=Chr06_Len=88474218_23594,0.1505615153178231,0.7906498505714603,-37.6,2,3,0.0,42.0,2.0,2243,1981,262,0,no,False,22,True,23,91,falsepositive
GWHACBE00000006_Chromosome_6_Complete=T_Circular=F_OriSeqID=Chr06_Len=88474218_23620,0.5998949391060545,0.0,-30.4,0,2,274.1,87.0,2.0,539,503,0,36,no,False,23,False,21,60,Candidate
GWHACBE00000006_Chromosome_6_Complete=T_Circular=F_OriSeqID=Chr06_Len=88474218_23626,0.0,,-23.1,2,2,0.0,42.0,2.0,40,40,0,0,no,False,22,True,22,70,Candidate
GWHACBE00000006_Chromosome_6_Complete=T_Circular=F_OriSeqID=Chr06_Len=88474218_23738,0.6581912655246795,,-68.4,2,2,0.9,42.0,2.0,47,47,0,0,no,False,20,False,20,89,falsepositive
GWHACBE00000006_Chromosome_6_Complete=T_Circular=F_OriSeqID=Chr06_Len=88474218_23744,0.3887545215936882,0.986295817398156,-18.5,1,1,2960.0,87.0,2.0,5809,5700,0,109,no,False,22,True,22,61,Candidate
GWHACBE00000006_Chromosome_6_Complete=T_Circular=F_OriSeqID=Chr06_Len=88474218_23793,0.5649399179951574,,-25.5,2,3,3.6,85.0,2.0,1156,1155,1,0,no,True,23,True,23,65,Confident
GWHACBE00000006_Chromosome_6_Complete=T_Circular=F_OriSeqID=Chr06_Len=88474218_23818,0.5856358450848431,0.8148383467503911,-39.0,2,1,1375.0,87.0,2.0,2697,1613,0,1084,no,False,21,False,22,56,Candidate
GWHACBE00000006_Chromosome_6_Complete=T_Circular=F_OriSeqID=Chr06_Len=88474218_23819,0.8538932872947023,,-38.3,2,2,0.4,42.0,2.0,102,102,0,0,no,False,22,True,22,53,falsepositive
GWHACBE00000006_Chromosome_6_Complete=T_Circular=F_OriSeqID=Chr06_Len=88474218_23871,0.8242558628668538,0.0,-18.8,2,2,0.0,42.0,2.0,138,138,0,0,no,False,21,True,22,57,falsepositive
GWHACBE00000006_Chromosome_6_Complete=T_Circular=F_OriSeqID=Chr06_Len=88474218_23898,0.0,,-34.9,2,1,0.1,42.0,2.0,131,131,0,0,no,False,22,False,23,61,Candidate
GWHACBE00000006_Chromosome_6_Complete=T_Circular=F_OriSeqID=Chr06_Len=88474218_23966,0.7793498370035461,,-27.5,2,2,0.1,42.0,2.0,39,39,0,0,no,False,21,False,21,52,Candidate
GWHACBE00000006_Chromosome_6_Complete=T_Circular=F_OriSeqID=Chr06_Len=88474218_24218,0.0,0.781843356486293,-10.8,3,5,73.1,87.0,2.0,148,105,0,43,no,False,20,True,23,73,falsepositive
GWHACBE00000006_Chromosome_6_Complete=T_Circular=F_OriSeqID=Chr06_Len=88474218_24246,0.0,0.0,-28.7,2,0,21.8,87.0,2.0,44,41,0,3,no,False,22,False,20,64,falsepositive
GWHACBE00000006_Chromosome_6_Complete=T_Circular=F_OriSeqID=Chr06_Len=88474218_24476,0.0,0.9494520150994096,-12.6,2,3,1157.1,87.0,2.0,2273,2261,0,12,no,False,19,True,21,44,falsepositive
GWHACBE00000006_Chromosome_6_Complete=T_Circular=F_OriSeqID=Chr06_Len=88474218_24530,0.3866629249902714,0.954434002636426,-33.2,4,2,0.4,42.0,2.0,5647,5623,0,24,no,False,23,True,21,60,Candidate
GWHACBE00000006_Chromosome_6_Complete=T_Circular=F_OriSeqID=Chr06_Len=88474218_24631,0.0,0.0,-23.0,1,2,267.5,87.0,2.0,526,490,0,36,no,False,25,True,21,57,Candidate
GWHACBE00000006_Chromosome_6_Complete=T_Circular=F_OriSeqID=Chr06_Len=88474218_24714,0.0376129331717336,0.0,-27.9,1,4,0.0,42.0,2.0,62501,62501,0,0,no,False,22,True,26,64,Confident
GWHACBE00000006_Chromosome_6_Complete=T_Circular=F_OriSeqID=Chr06_Len=88474218_24739,0.5547781630527345,,-37.4,6,2,0.0,42.0,2.0,62,62,0,0,no,False,24,True,28,77,falsepositive
GWHACBE00000006_Chromosome_6_Complete=T_Circular=F_OriSeqID=Chr06_Len=88474218_24763,0.0578601214540025,0.0,-22.6,2,2,1090.9,87.0,2.0,2143,2109,0,34,no,False,22,True,21,58,Confident
GWHACBE00000006_Chromosome_6_Complete=T_Circular=F_OriSeqID=Chr06_Len=88474218_24824,0.228538143664989,0.9967916316930976,-34.0,1,1,20.8,87.0,2.0,42,27,0,15,no,False,22,True,20,56,falsepositive
GWHACBE00000006_Chromosome_6_Complete=T_Circular=F_OriSeqID=Chr06_Len=88474218_24841,0.0,,-21.7,2,2,0.0,42.0,2.0,181,181,0,0,no,False,22,True,21,70,Candidate
GWHACBE00000006_Chromosome_6_Complete=T_Circular=F_OriSeqID=Chr06_Len=88474218_24843,0.4224931154308891,,-22.1,2,2,0.0,42.0,2.0,198,198,0,0,no,False,22,True,21,68,Candidate
GWHACBE00000006_Chromosome_6_Complete=T_Circular=F_OriSeqID=Chr06_Len=88474218_24879,0.0,,-30.4,2,1,0.2,42.0,2.0,35,35,0,0,no,False,22,False,22,45,falsepositive
GWHACBE00000006_Chromosome_6_Complete=T_Circular=F_OriSeqID=Chr06_Len=88474218_25021,0.7725068854411883,0.0,-18.1,0,2,39.5,87.0,2.0,81,72,0,9,no,False,23,True,20,56,falsepositive
GWHACBE00000006_Chromosome_6_Complete=T_Circular=F_OriSeqID=Chr06_Len=88474218_25059,0.0,,-35.4,5,4,0.1,42.0,2.0,33,33,0,0,no,False,21,False,20,79,Candidate
GWHACBE00000006_Chromosome_6_Complete=T_Circular=F_OriSeqID=Chr06_Len=88474218_25061,0.0,,-31.5,2,3,0.3,42.0,2.0,83,83,0,0,no,False,24,False,22,83,falsepositive
GWHACBE00000006_Chromosome_6_Complete=T_Circular=F_OriSeqID=Chr06_Len=88474218_25119,0.6581912655246795,,-67.9,2,2,0.9,42.0,2.0,47,47,0,0,no,False,20,False,20,89,falsepositive
GWHACBE00000006_Chromosome_6_Complete=T_Circular=F_OriSeqID=Chr06_Len=88474218_25189,0.0,0.0,-25.7,3,3,27.9,87.0,2.0,56,43,0,13,no,False,21,False,21,60,Candidate
GWHACBE00000006_Chromosome_6_Complete=T_Circular=F_OriSeqID=Chr06_Len=88474218_25201,0.703144139095803,0.8040325136198708,-39.8,2,1,1268.5,87.0,2.0,2488,1468,0,1020,no,False,21,False,22,56,Candidate
GWHACBE00000006_Chromosome_6_Complete=T_Circular=F_OriSeqID=Chr06_Len=88474218_25208,0.8364633882951396,,-38.3,2,2,0.3,42.0,2.0,86,86,0,0,no,False,22,True,22,53,falsepositive
GWHACBE00000006_Chromosome_6_Complete=T_Circular=F_OriSeqID=Chr06_Len=88474218_25221,0.0212582803710622,0.3808190848744565,-16.6,2,2,251439.3,87.0,2.0,493193,475889,0,17304,no,False,22,True,22,56,Confident
GWHACBE00000006_Chromosome_6_Complete=T_Circular=F_OriSeqID=Chr06_Len=88474218_25332,0.0,,-37.8,2,2,0.1,42.0,2.0,44,44,0,0,no,False,22,False,22,57,Candidate
GWHACBE00000006_Chromosome_6_Complete=T_Circular=F_OriSeqID=Chr06_Len=88474218_25334,0.0,,-28.1,2,2,0.3,42.0,2.0,35,35,0,0,no,False,22,True,22,61,Candidate
GWHACBE00000007_Chromosome_7_Complete=T_Circular=F_OriSeqID=Chr07_Len=86638540_25515,0.8541802048636286,,-47.2,2,2,0.4,42.0,2.0,43,43,0,0,no,False,23,False,23,90,falsepositive
GWHACBE00000007_Chromosome_7_Complete=T_Circular=F_OriSeqID=Chr07_Len=86638540_25517,0.8541802048636286,,-47.9,2,2,0.6,42.0,2.0,43,43,0,0,no,False,23,False,23,83,falsepositive
GWHACBE00000007_Chromosome_7_Complete=T_Circular=F_OriSeqID=Chr07_Len=86638540_25518,0.8541802048636286,,-41.6,2,2,0.4,42.0,2.0,43,43,0,0,no,False,23,False,23,68,Candidate
GWHACBE00000007_Chromosome_7_Complete=T_Circular=F_OriSeqID=Chr07_Len=86638540_25578,0.0,,-19.7,2,2,0.0,42.0,2.0,108,108,0,0,no,False,22,True,22,61,Candidate
GWHACBE00000007_Chromosome_7_Complete=T_Circular=F_OriSeqID=Chr07_Len=86638540_25761,0.8383729374214007,0.3912435633407166,-70.3,0,0,1.8,81.0,2.0,69,56,0,13,no,False,22,True,22,79,falsepositive
GWHACBE00000007_Chromosome_7_Complete=T_Circular=F_OriSeqID=Chr07_Len=86638540_25791,0.0,,-41.0,2,2,0.5,42.0,2.0,34,34,0,0,no,False,20,True,20,47,falsepositive
GWHACBE00000007_Chromosome_7_Complete=T_Circular=F_OriSeqID=Chr07_Len=86638540_25890,0.0,0.0,-18.8,0,2,145.4,87.0,2.0,291,279,0,12,no,False,23,True,20,62,Candidate
GWHACBE00000007_Chromosome_7_Complete=T_Circular=F_OriSeqID=Chr07_Len=86638540_25913,0.0,0.0,-18.6,2,3,29.8,87.0,2.0,63,43,0,20,no,False,21,True,22,58,Candidate
GWHACBE00000007_Chromosome_7_Complete=T_Circular=F_OriSeqID=Chr07_Len=86638540_25935,0.9831491279397488,,-34.3,2,2,0.3,42.0,2.0,59,59,0,0,no,False,22,True,22,51,falsepositive
GWHACBE00000007_Chromosome_7_Complete=T_Circular=F_OriSeqID=Chr07_Len=86638540_26056,0.0,0.0,-27.1,2,2,33.3,87.0,2.0,66,34,0,32,no,False,22,True,22,61,Confident
GWHACBE00000007_Chromosome_7_Complete=T_Circular=F_OriSeqID=Chr07_Len=86638540_26063,0.7491377365645823,0.0,-37.8,5,5,0.7,42.0,2.0,95,86,0,9,no,False,21,False,21,49,falsepositive
GWHACBE00000007_Chromosome_7_Complete=T_Circular=F_OriSeqID=Chr07_Len=86638540_26115,0.0,0.0,-25.0,3,2,15.1,87.0,2.0,33,23,0,10,no,False,22,False,24,65,falsepositive
GWHACBE00000007_Chromosome_7_Complete=T_Circular=F_OriSeqID=Chr07_Len=86638540_26117,0.2291388575104833,0.0,-19.3,2,2,4129.8,87.0,2.0,8103,8075,0,28,no,False,23,False,19,60,Confident
GWHACBE00000007_Chromosome_7_Complete=T_Circular=F_OriSeqID=Chr07_Len=86638540_26148,0.4236805712823714,,-36.9,2,2,0.3,42.0,2.0,58,58,0,0,no,False,24,True,24,77,Candidate
GWHACBE00000007_Chromosome_7_Complete=T_Circular=F_OriSeqID=Chr07_Len=86638540_26236,0.0,0.0,-14.7,1,0,18.0,87.0,2.0,39,36,0,3,no,False,22,False,22,56,falsepositive
GWHACBE00000007_Chromosome_7_Complete=T_Circular=F_OriSeqID=Chr07_Len=86638540_26260,0.0,0.0,-18.5,1,2,30.9,87.0,2.0,64,40,0,24,no,False,25,True,21,57,Candidate
GWHACBE00000007_Chromosome_7_Complete=T_Circular=F_OriSeqID=Chr07_Len=86638540_26291,0.0,0.0,-37.9,2,2,158.8,87.0,2.0,312,278,0,34,no,False,22,True,22,62,Candidate
GWHACBE00000007_Chromosome_7_Complete=T_Circular=F_OriSeqID=Chr07_Len=86638540_26303,0.0,0.0,-20.6,3,2,26.4,87.0,2.0,55,52,0,3,no,False,23,True,22,62,Candidate
GWHACBE00000007_Chromosome_7_Complete=T_Circular=F_OriSeqID=Chr07_Len=86638540_26352,0.1752649521140009,0.0,-47.3,2,2,242.9,87.0,2.0,476,445,0,31,no,False,22,True,22,71,Candidate
GWHACBE00000007_Chromosome_7_Complete=T_Circular=F_OriSeqID=Chr07_Len=86638540_26447,0.0,,-45.8,2,2,0.5,42.0,2.0,27,27,0,0,no,False,22,True,22,60,Candidate
GWHACBE00000007_Chromosome_7_Complete=T_Circular=F_OriSeqID=Chr07_Len=86638540_26842,0.0,,-41.4,0,2,0.4,42.0,2.0,28,28,0,0,no,False,23,True,25,59,Candidate
GWHACBE00000007_Chromosome_7_Complete=T_Circular=F_OriSeqID=Chr07_Len=86638540_26844,0.4051926716650158,0.0,-28.7,2,2,0.0,42.0,2.0,364,364,0,0,no,False,22,True,22,60,falsepositive
GWHACBE00000007_Chromosome_7_Complete=T_Circular=F_OriSeqID=Chr07_Len=86638540_26847,0.0,0.6193821943902247,-18.1,0,0,80.7,87.0,2.0,163,150,0,13,no,False,21,True,20,60,Candidate
GWHACBE00000007_Chromosome_7_Complete=T_Circular=F_OriSeqID=Chr07_Len=86638540_26860,0.8318166361984121,0.6270793555376813,-22.7,2,1,76.7,87.0,2.0,154,97,0,57,no,False,22,True,22,60,Candidate
GWHACBE00000007_Chromosome_7_Complete=T_Circular=F_OriSeqID=Chr07_Len=86638540_26876,0.2758986986393548,0.9305861288434538,-29.8,1,5,562.6,87.0,2.0,1105,1071,0,34,no,False,25,True,22,62,Candidate
GWHACBE00000007_Chromosome_7_Complete=T_Circular=F_OriSeqID=Chr07_Len=86638540_26891,0.0575299883721496,0.589890842490078,-21.7,2,1,3188.0,87.0,2.0,6256,5629,12,615,no,False,24,False,22,62,Confident
GWHACBE00000007_Chromosome_7_Complete=T_Circular=F_OriSeqID=Chr07_Len=86638540_26960,0.8726965036218399,0.0,-66.4,0,0,1.6,81.0,2.0,70,58,0,12,no,False,22,True,22,79,falsepositive
GWHACBE00000007_Chromosome_7_Complete=T_Circular=F_OriSeqID=Chr07_Len=86638540_27004,0.0,,-40.5,2,2,0.5,42.0,2.0,34,34,0,0,no,False,20,True,20,47,falsepositive
GWHACBE00000007_Chromosome_7_Complete=T_Circular=F_OriSeqID=Chr07_Len=86638540_27048,0.6320999426437137,0.0,-35.1,2,3,154.6,87.0,2.0,304,296,0,8,no,False,20,True,21,47,falsepositive
GWHACBE00000007_Chromosome_7_Complete=T_Circular=F_OriSeqID=Chr07_Len=86638540_27089,0.0,,-25.3,1,2,3.0,85.0,2.0,28,28,0,0,no,True,21,True,21,84,Confident
GWHACBE00000007_Chromosome_7_Complete=T_Circular=F_OriSeqID=Chr07_Len=86638540_27124,0.0,0.8175072878328226,-14.0,2,1,72.2,87.0,2.0,146,83,0,63,no,False,22,True,22,61,Confident
GWHACBE00000007_Chromosome_7_Complete=T_Circular=F_OriSeqID=Chr07_Len=86638540_27227,0.0,,-20.5,2,2,0.0,42.0,2.0,23,23,0,0,no,False,23,False,21,47,falsepositive
GWHACBE00000007_Chromosome_7_Complete=T_Circular=F_OriSeqID=Chr07_Len=86638540_27328,0.7491377365645823,,-45.3,2,2,0.8,42.0,2.0,86,86,0,0,no,False,21,False,21,52,falsepositive
GWHACBE00000007_Chromosome_7_Complete=T_Circular=F_OriSeqID=Chr07_Len=86638540_27449,0.6182203025329959,0.0,-25.1,2,2,268.8,87.0,2.0,530,204,0,326,no,False,23,True,22,60,Confident
GWHACBE00000007_Chromosome_7_Complete=T_Circular=F_OriSeqID=Chr07_Len=86638540_27556,0.619241300037496,0.0,-37.6,2,1,0.2,42.0,2.0,654,645,9,0,no,False,22,False,21,88,falsepositive
GWHACBE00000007_Chromosome_7_Complete=T_Circular=F_OriSeqID=Chr07_Len=86638540_27604,0.0,0.8280557250909648,-36.9,2,2,158.8,87.0,2.0,312,278,0,34,no,False,22,True,22,62,Candidate
GWHACBE00000007_Chromosome_7_Complete=T_Circular=F_OriSeqID=Chr07_Len=86638540_27772,0.3626116574725891,0.1691183033127562,-27.2,4,3,0.2,42.0,2.0,8140,7736,0,404,no,False,23,True,22,55,Confident
GWHACBE00000007_Chromosome_7_Complete=T_Circular=F_OriSeqID=Chr07_Len=86638540_27822,0.4846992766786149,0.9922666384309572,-31.1,2,2,167.1,87.0,2.0,330,314,0,16,no,False,21,True,21,57,Candidate
GWHACBE00000008_Chromosome_8_Complete=T_Circular=F_OriSeqID=Chr08_Len=78931488_27993,0.3673000121233837,0.0,-38.3,2,1,90.7,87.0,2.0,178,161,0,17,no,False,21,False,20,51,Candidate
GWHACBE00000008_Chromosome_8_Complete=T_Circular=F_OriSeqID=Chr08_Len=78931488_28034,0.1808129871176551,0.9057693748529038,-29.9,1,2,341.2,87.0,2.0,670,629,0,41,no,False,22,True,21,55,Candidate
GWHACBE00000008_Chromosome_8_Complete=T_Circular=F_OriSeqID=Chr08_Len=78931488_28136,0.0,,-33.9,2,2,0.6,42.0,2.0,46,46,0,0,no,False,22,True,22,61,Candidate
GWHACBE00000008_Chromosome_8_Complete=T_Circular=F_OriSeqID=Chr08_Len=78931488_28174,0.0,0.2833978934677952,-10.0,2,2,206.6,87.0,2.0,411,269,0,142,no,False,23,True,22,58,Confident
GWHACBE00000008_Chromosome_8_Complete=T_Circular=F_OriSeqID=Chr08_Len=78931488_28185,0.0,,-23.0,2,2,0.2,42.0,2.0,85,85,0,0,no,False,21,False,22,62,Candidate
GWHACBE00000008_Chromosome_8_Complete=T_Circular=F_OriSeqID=Chr08_Len=78931488_28190,0.0,,-31.0,2,2,0.4,42.0,2.0,52,52,0,0,no,False,22,False,22,58,Candidate
GWHACBE00000008_Chromosome_8_Complete=T_Circular=F_OriSeqID=Chr08_Len=78931488_28210,0.1175584333222397,0.0,-25.4,2,2,683.6,87.0,2.0,1342,1317,0,25,no,False,22,True,22,56,Confident
GWHACBE00000008_Chromosome_8_Complete=T_Circular=F_OriSeqID=Chr08_Len=78931488_28302,0.1405483887833926,,-30.3,2,2,0.3,42.0,2.0,252,252,0,0,no,False,22,False,22,59,Candidate
GWHACBE00000008_Chromosome_8_Complete=T_Circular=F_OriSeqID=Chr08_Len=78931488_28474,0.7219280945988233,,-33.6,2,2,0.3,42.0,2.0,70,70,0,0,no,False,21,True,21,49,Candidate
GWHACBE00000008_Chromosome_8_Complete=T_Circular=F_OriSeqID=Chr08_Len=78931488_28523,0.7642045062200812,,-43.3,2,2,0.6,42.0,2.0,45,45,0,0,no,False,22,True,22,60,Candidate
GWHACBE00000008_Chromosome_8_Complete=T_Circular=F_OriSeqID=Chr08_Len=78931488_28590,0.3104810576059904,0.0,-26.5,3,3,277.8,87.0,2.0,547,484,0,63,no,False,22,True,22,60,Candidate
GWHACBE00000008_Chromosome_8_Complete=T_Circular=F_OriSeqID=Chr08_Len=78931488_28710,0.3305077268586465,0.9503376696824876,-25.9,1,0,139.0,87.0,2.0,273,181,0,92,no,False,23,False,23,62,Confident
GWHACBE00000008_Chromosome_8_Complete=T_Circular=F_OriSeqID=Chr08_Len=78931488_28731,0.0,,-26.6,2,2,0.2,42.0,2.0,26,26,0,0,no,False,24,True,23,68,Candidate
GWHACBE00000008_Chromosome_8_Complete=T_Circular=F_OriSeqID=Chr08_Len=78931488_28819,0.01535548437738,0.2045768588780444,-24.6,2,2,122623.4,87.0,2.0,240524,240212,0,312,no,False,22,True,22,62,Confident
GWHACBE00000008_Chromosome_8_Complete=T_Circular=F_OriSeqID=Chr08_Len=78931488_28875,0.8739041720501068,0.0,-19.3,2,1,394.9,87.0,2.0,778,771,0,7,no,False,23,True,22,64,Candidate
GWHACBE00000008_Chromosome_8_Complete=T_Circular=F_OriSeqID=Chr08_Len=78931488_28938,0.0174430346448622,0.0,-21.7,2,3,3097.1,87.0,2.0,6076,5974,0,102,no,False,23,True,22,58,Confident
GWHACBE00000008_Chromosome_8_Complete=T_Circular=F_OriSeqID=Chr08_Len=78931488_28940,0.0713724005183857,0.8337774825888753,-19.8,0,0,0.0,42.0,2.0,326799,326753,0,46,no,False,22,True,22,59,Confident
GWHACBE00000008_Chromosome_8_Complete=T_Circular=F_OriSeqID=Chr08_Len=78931488_28944,0.0,0.0,-17.2,1,1,29.0,87.0,2.0,60,49,0,11,no,False,22,True,22,59,Confident
GWHACBE00000008_Chromosome_8_Complete=T_Circular=F_OriSeqID=Chr08_Len=78931488_28954,0.7756440630521347,0.8568180176389278,-38.1,2,2,476.4,87.0,2.0,935,862,0,73,no,False,22,False,22,57,Candidate
GWHACBE00000008_Chromosome_8_Complete=T_Circular=F_OriSeqID=Chr08_Len=78931488_28957,0.1797973462353082,,-23.6,2,3,0.0,42.0,2.0,258,258,0,0,no,False,22,True,23,64,Candidate
GWHACBE00000008_Chromosome_8_Complete=T_Circular=F_OriSeqID=Chr08_Len=78931488_28983,0.3212585412091243,0.1729043040948151,-17.5,3,3,397.7,87.0,2.0,782,627,0,155,no,False,22,True,22,57,Confident
GWHACBE00000008_Chromosome_8_Complete=T_Circular=F_OriSeqID=Chr08_Len=78931488_29020,0.2436807131621317,0.6651022018583809,-29.8,2,2,1076.5,87.0,2.0,2113,1756,0,357,no,False,22,False,22,61,Confident
GWHACBE00000008_Chromosome_8_Complete=T_Circular=F_OriSeqID=Chr08_Len=78931488_29046,0.1018851370597662,0.0,-9.2,1,1,4620.6,87.0,2.0,9087,9075,0,12,no,False,19,True,19,48,falsepositive
GWHACBE00000008_Chromosome_8_Complete=T_Circular=F_OriSeqID=Chr08_Len=78931488_29047,0.0,,-39.0,2,2,0.9,42.0,2.0,37,37,0,0,no,False,22,False,22,53,Candidate
GWHACBE00000008_Chromosome_8_Complete=T_Circular=F_OriSeqID=Chr08_Len=78931488_29410,0.1288015841062786,0.8944944471761559,-6.7,6,3,469.4,87.0,2.0,936,929,0,7,no,False,19,True,19,51,falsepositive
GWHACBE00000008_Chromosome_8_Complete=T_Circular=F_OriSeqID=Chr08_Len=78931488_29517,0.1589346330500554,,-22.0,2,2,0.6,42.0,2.0,302,302,0,0,no,False,19,True,19,51,Candidate
GWHACBE00000008_Chromosome_8_Complete=T_Circular=F_OriSeqID=Chr08_Len=78931488_29771,0.0,0.0,-20.0,2,1,41.7,87.0,2.0,85,42,0,43,no,False,22,True,21,60,Candidate
GWHACBE00000008_Chromosome_8_Complete=T_Circular=F_OriSeqID=Chr08_Len=78931488_29874,0.5819569603264331,0.0,-4.2,3,3,159.7,87.0,2.0,350,342,0,8,no,False,19,True,21,47,falsepositive
GWHACBE00000008_Chromosome_8_Complete=T_Circular=F_OriSeqID=Chr08_Len=78931488_30046,0.0,0.9325488455656408,-24.7,4,2,41.8,87.0,2.0,86,60,17,9,no,False,19,True,22,79,falsepositive
GWHACBE00000008_Chromosome_8_Complete=T_Circular=F_OriSeqID=Chr08_Len=78931488_30087,0.0860885144174197,,-25.9,2,2,0.5,42.0,2.0,18616,18616,0,0,no,False,22,True,22,60,Confident
GWHACBE00000008_Chromosome_8_Complete=T_Circular=F_OriSeqID=Chr08_Len=78931488_30250,0.0,,-42.4,2,2,0.7,42.0,2.0,23,23,0,0,no,False,21,False,21,61,Candidate
GWHACBE00000008_Chromosome_8_Complete=T_Circular=F_OriSeqID=Chr08_Len=78931488_30262,0.3707361878939447,0.0,-37.8,2,1,90.7,87.0,2.0,178,161,0,17,no,False,21,False,20,51,Candidate
GWHACBE00000008_Chromosome_8_Complete=T_Circular=F_OriSeqID=Chr08_Len=78931488_30265,0.0,,-23.7,2,2,0.0,42.0,2.0,24,24,0,0,no,False,22,False,22,61,Candidate
GWHACBE00000008_Chromosome_8_Complete=T_Circular=F_OriSeqID=Chr08_Len=78931488_30266,0.0,,-30.2,2,2,0.3,42.0,2.0,24,24,0,0,no,False,22,False,22,67,falsepositive
GWHACBE00000008_Chromosome_8_Complete=T_Circular=F_OriSeqID=Chr08_Len=78931488_30289,0.3441169048540508,0.0,-28.0,2,2,0.4,42.0,2.0,249,249,0,0,no,False,22,True,22,61,Candidate
GWHACBE00000008_Chromosome_8_Complete=T_Circular=F_OriSeqID=Chr08_Len=78931488_30306,0.8340458252751667,,-25.3,2,2,0.4,42.0,2.0,105,105,0,0,no,False,22,False,22,50,Candidate
GWHACBE00000008_Chromosome_8_Complete=T_Circular=F_OriSeqID=Chr08_Len=78931488_30373,0.0,,-26.1,7,3,0.1,42.0,2.0,23,23,0,0,no,False,21,False,23,63,falsepositive
GWHACBE00000008_Chromosome_8_Complete=T_Circular=F_OriSeqID=Chr08_Len=78931488_30561,0.0,,-28.3,2,2,0.3,42.0,2.0,27,27,0,0,no,False,22,True,22,58,Candidate
GWHACBE00000008_Chromosome_8_Complete=T_Circular=F_OriSeqID=Chr08_Len=78931488_30585,0.0993729878993737,0.0,-25.1,2,1,237.5,87.0,2.0,468,388,0,80,no,False,21,False,21,58,Candidate
GWHACBE00000008_Chromosome_8_Complete=T_Circular=F_OriSeqID=Chr08_Len=78931488_30606,0.8371496926014421,,-25.2,2,2,0.2,42.0,2.0,191,191,0,0,no,False,22,True,22,62,Candidate
GWHACBE00000008_Chromosome_8_Complete=T_Circular=F_OriSeqID=Chr08_Len=78931488_30629,0.9717981511206072,,-24.0,2,2,0.0,42.0,2.0,137,137,0,0,no,False,22,True,22,61,Candidate
GWHACBE00000008_Chromosome_8_Complete=T_Circular=F_OriSeqID=Chr08_Len=78931488_30634,0.4189993172235688,0.0,-21.1,3,4,290.5,87.0,2.0,572,554,0,18,no,False,21,True,24,58,Candidate
GWHACBE00000008_Chromosome_8_Complete=T_Circular=F_OriSeqID=Chr08_Len=78931488_30637,0.0,0.0,-40.0,1,2,32.3,87.0,2.0,64,57,0,7,no,False,22,True,21,85,falsepositive
GWHACBE00000008_Chromosome_8_Complete=T_Circular=F_OriSeqID=Chr08_Len=78931488_30760,0.7642045062200812,,-43.3,2,2,0.6,42.0,2.0,45,45,0,0,no,False,22,True,22,60,Candidate
GWHACBE00000008_Chromosome_8_Complete=T_Circular=F_OriSeqID=Chr08_Len=78931488_30830,0.446481346608264,0.0,-28.0,4,2,0.1,42.0,2.0,44,43,0,1,no,False,22,False,20,60,Candidate
GWHACBE00000008_Chromosome_8_Complete=T_Circular=F_OriSeqID=Chr08_Len=78931488_31026,0.0,,-26.1,2,1,0.0,42.0,2.0,123,123,0,0,no,False,23,True,22,68,Candidate
GWHACBE00000008_Chromosome_8_Complete=T_Circular=F_OriSeqID=Chr08_Len=78931488_31029,0.2207799231825339,0.1785042622361752,-38.2,4,4,0.0,42.0,2.0,412,226,0,186,no,False,22,False,22,74,Candidate
GWHACBE00000008_Chromosome_8_Complete=T_Circular=F_OriSeqID=Chr08_Len=78931488_31054,0.0,,-29.0,2,3,0.0,42.0,2.0,30,30,0,0,no,False,25,False,27,81,falsepositive
GWHACBE00000008_Chromosome_8_Complete=T_Circular=F_OriSeqID=Chr08_Len=78931488_31066,0.0208633984911727,0.0,-10.9,6,4,0.1,42.0,2.0,22289,22273,6,10,no,False,23,True,21,64,falsepositive
GWHACBE00000008_Chromosome_8_Complete=T_Circular=F_OriSeqID=Chr08_Len=78931488_31073,0.0,0.0,-20.6,7,0,15.5,87.0,2.0,35,23,0,12,no,False,25,True,32,61,falsepositive
GWHACBE00000008_Chromosome_8_Complete=T_Circular=F_OriSeqID=Chr08_Len=78931488_31077,0.0,,-21.3,2,0,0.0,42.0,2.0,58,58,0,0,no,False,22,True,27,64,Candidate
GWHACBE00000008_Chromosome_8_Complete=T_Circular=F_OriSeqID=Chr08_Len=78931488_31129,0.7455178425222895,,-35.4,2,2,0.0,42.0,2.0,33,33,0,0,no,False,21,True,21,65,Candidate
GWHACBE00000008_Chromosome_8_Complete=T_Circular=F_OriSeqID=Chr08_Len=78931488_31254,0.0046342819775963,0.9129161246502572,-23.9,2,2,4315.1,87.0,2.0,8465,8340,0,125,no,False,22,True,22,59,Confident
GWHACBE00000008_Chromosome_8_Complete=T_Circular=F_OriSeqID=Chr08_Len=78931488_31273,0.8008011042614983,,-31.2,2,2,0.7,42.0,2.0,376,376,0,0,no,False,22,True,22,61,falsepositive
GWHACBE00000008_Chromosome_8_Complete=T_Circular=F_OriSeqID=Chr08_Len=78931488_31277,0.0713724005183857,0.8337774825888753,-19.8,0,0,0.0,42.0,2.0,326799,326753,0,46,no,False,22,True,22,59,Confident
GWHACBE00000008_Chromosome_8_Complete=T_Circular=F_OriSeqID=Chr08_Len=78931488_31279,0.0174430346448622,0.0,-23.1,2,3,3097.0,87.0,2.0,6076,5974,0,102,no,False,23,True,22,58,Confident
GWHACBE00000008_Chromosome_8_Complete=T_Circular=F_OriSeqID=Chr08_Len=78931488_31329,0.0,,-19.4,2,2,0.3,42.0,2.0,61,61,0,0,no,False,22,True,22,58,Candidate
GWHACBE00000008_Chromosome_8_Complete=T_Circular=F_OriSeqID=Chr08_Len=78931488_31340,0.3212585412091243,0.1729043040948151,-17.5,3,3,397.8,87.0,2.0,782,627,0,155,no,False,22,True,22,57,Confident
GWHACBE00000008_Chromosome_8_Complete=T_Circular=F_OriSeqID=Chr08_Len=78931488_31346,0.955622269064608,0.0,-22.2,3,3,44.1,87.0,2.0,88,77,0,11,no,False,22,True,22,58,falsepositive
GWHACBE00000008_Chromosome_8_Complete=T_Circular=F_OriSeqID=Chr08_Len=78931488_31420,0.0,,-39.0,2,2,0.7,42.0,2.0,37,37,0,0,no,False,22,False,22,53,Candidate
GWHACBE00000008_Chromosome_8_Complete=T_Circular=F_OriSeqID=Chr08_Len=78931488_32578,0.2236433596409616,0.0,-31.9,4,3,0.8,42.0,2.0,14003,13992,0,11,no,False,22,True,21,58,Candidate
GWHACBE00000009_Chromosome_9_Complete=T_Circular=F_OriSeqID=Chr09_Len=74019141_32710,0.3999380471504887,,-25.6,0,2,0.2,42.0,2.0,63,63,0,0,no,False,22,False,20,61,Candidate
GWHACBE00000009_Chromosome_9_Complete=T_Circular=F_OriSeqID=Chr09_Len=74019141_32799,0.0169095016093377,0.4729953620046091,-33.0,5,4,0.5,42.0,2.0,794,636,0,158,no,False,23,True,22,58,Candidate
GWHACBE00000009_Chromosome_9_Complete=T_Circular=F_OriSeqID=Chr09_Len=74019141_32989,0.2580186683762764,0.0,-26.0,2,1,187.0,87.0,2.0,368,276,0,92,no,False,22,False,21,57,Confident
GWHACBE00000009_Chromosome_9_Complete=T_Circular=F_OriSeqID=Chr09_Len=74019141_33006,0.0,,-26.5,2,1,0.0,42.0,2.0,23,23,0,0,no,False,18,False,18,70,falsepositive
GWHACBE00000009_Chromosome_9_Complete=T_Circular=F_OriSeqID=Chr09_Len=74019141_33081,0.5813214984751638,,-30.8,2,2,0.0,42.0,2.0,36,36,0,0,no,False,22,False,22,51,Candidate
GWHACBE00000009_Chromosome_9_Complete=T_Circular=F_OriSeqID=Chr09_Len=74019141_33085,0.0,,-14.6,2,3,1.5,81.0,2.0,24,24,0,0,no,True,23,False,25,53,Confident
GWHACBE00000009_Chromosome_9_Complete=T_Circular=F_OriSeqID=Chr09_Len=74019141_33093,0.0,,-24.8,2,2,0.1,42.0,2.0,30,30,0,0,no,False,22,True,22,64,Candidate
GWHACBE00000009_Chromosome_9_Complete=T_Circular=F_OriSeqID=Chr09_Len=74019141_33095,0.9183666251435676,,-50.9,2,2,1.0,81.0,2.0,486,486,0,0,no,False,22,False,22,61,falsepositive
GWHACBE00000009_Chromosome_9_Complete=T_Circular=F_OriSeqID=Chr09_Len=74019141_33101,0.7452633067989153,,-34.6,2,2,0.9,42.0,2.0,93,93,0,0,no,False,22,True,22,54,falsepositive
GWHACBE00000009_Chromosome_9_Complete=T_Circular=F_OriSeqID=Chr09_Len=74019141_33135,0.3379358286610494,0.0,-27.3,1,3,4149.6,87.0,2.0,8141,7891,0,250,no,False,21,True,23,57,Candidate
GWHACBE00000009_Chromosome_9_Complete=T_Circular=F_OriSeqID=Chr09_Len=74019141_33164,0.432562540336338,0.5861705865062642,-22.3,2,3,609.6,87.0,2.0,1200,1024,0,176,no,False,23,False,21,59,Confident
GWHACBE00000009_Chromosome_9_Complete=T_Circular=F_OriSeqID=Chr09_Len=74019141_33173,0.5381411849339113,0.0,-17.8,2,4,43.3,87.0,2.0,89,65,0,24,no,False,22,False,26,61,falsepositive
GWHACBE00000009_Chromosome_9_Complete=T_Circular=F_OriSeqID=Chr09_Len=74019141_33255,0.0,,-50.8,2,2,0.6,42.0,2.0,26,26,0,0,no,False,23,False,23,57,Candidate
GWHACBE00000009_Chromosome_9_Complete=T_Circular=F_OriSeqID=Chr09_Len=74019141_33271,0.0,0.0,-13.9,3,1,51.9,87.0,2.0,110,82,0,28,no,False,23,True,21,62,Candidate
GWHACBE00000009_Chromosome_9_Complete=T_Circular=F_OriSeqID=Chr09_Len=74019141_33303,0.0268668758701499,0.0,-27.6,2,4,42128.7,87.0,2.0,82636,82530,0,106,no,False,22,False,25,63,Confident
GWHACBE00000009_Chromosome_9_Complete=T_Circular=F_OriSeqID=Chr09_Len=74019141_33305,0.0265431576367928,0.0,-25.3,2,2,599.4,87.0,2.0,1178,1130,0,48,no,False,22,True,23,59,Confident
GWHACBE00000009_Chromosome_9_Complete=T_Circular=F_OriSeqID=Chr09_Len=74019141_33352,0.0,0.0,-18.3,3,5,13.9,87.0,2.0,36,26,0,10,no,False,20,True,18,73,falsepositive
GWHACBE00000009_Chromosome_9_Complete=T_Circular=F_OriSeqID=Chr09_Len=74019141_33366,0.1095298521344472,0.0,-22.1,3,2,1481.4,87.0,2.0,2911,2890,0,21,no,False,23,False,23,63,Candidate
GWHACBE00000009_Chromosome_9_Complete=T_Circular=F_OriSeqID=Chr09_Len=74019141_33378,0.1726729076961223,0.8453509363338975,-12.2,3,1,297.4,87.0,2.0,589,578,0,11,no,False,22,False,24,64,falsepositive
GWHACBE00000009_Chromosome_9_Complete=T_Circular=F_OriSeqID=Chr09_Len=74019141_33412,0.0,0.0,-22.6,3,3,16.9,87.0,2.0,36,33,0,3,no,False,22,True,22,58,falsepositive
GWHACBE00000009_Chromosome_9_Complete=T_Circular=F_OriSeqID=Chr09_Len=74019141_33427,0.2952651075164854,0.99966395955831,-22.2,1,2,1561.1,87.0,2.0,3065,2092,0,973,no,False,21,True,22,60,Candidate
GWHACBE00000009_Chromosome_9_Complete=T_Circular=F_OriSeqID=Chr09_Len=74019141_33451,0.5392163429207023,0.0,-25.3,2,3,47.4,87.0,2.0,98,81,0,17,no,False,22,True,23,57,Candidate
GWHACBE00000009_Chromosome_9_Complete=T_Circular=F_OriSeqID=Chr09_Len=74019141_33585,0.6654472496126912,0.0,-27.0,2,1,349.8,87.0,2.0,686,668,0,18,no,False,22,False,21,63,Candidate
GWHACBE00000009_Chromosome_9_Complete=T_Circular=F_OriSeqID=Chr09_Len=74019141_33599,0.0,,-24.7,2,2,0.0,42.0,2.0,28,28,0,0,no,False,22,True,24,59,Candidate
GWHACBE00000009_Chromosome_9_Complete=T_Circular=F_OriSeqID=Chr09_Len=74019141_33684,0.0,0.0,-31.1,2,2,0.0,42.0,2.0,30,28,2,0,no,False,22,False,22,65,Candidate
GWHACBE00000009_Chromosome_9_Complete=T_Circular=F_OriSeqID=Chr09_Len=74019141_33776,0.0,0.8571484371398326,-17.7,2,2,807.0,87.0,2.0,1588,1524,0,64,no,False,22,True,21,61,Confident
GWHACBE00000009_Chromosome_9_Complete=T_Circular=F_OriSeqID=Chr09_Len=74019141_33849,0.1768026767188633,0.7642045062200812,-23.3,2,2,919.7,87.0,2.0,1806,1770,0,36,no,False,22,True,22,60,Confident
GWHACBE00000009_Chromosome_9_Complete=T_Circular=F_OriSeqID=Chr09_Len=74019141_33870,0.2011807309848644,0.3308871403248985,-11.8,2,0,215.5,87.0,2.0,429,325,0,104,no,False,20,True,19,54,Confident
GWHACBE00000009_Chromosome_9_Complete=T_Circular=F_OriSeqID=Chr09_Len=74019141_33946,0.5505256948999427,0.0,-51.7,2,2,156.6,87.0,2.0,308,235,0,73,no,False,22,True,22,62,Candidate
GWHACBE00000009_Chromosome_9_Complete=T_Circular=F_OriSeqID=Chr09_Len=74019141_34174,0.2947127123165998,0.0,-6.4,9,3,273.0,87.0,2.0,567,558,0,9,no,False,19,True,23,58,falsepositive
GWHACBE00000009_Chromosome_9_Complete=T_Circular=F_OriSeqID=Chr09_Len=74019141_34369,0.9510414106920272,0.0,-37.7,4,3,0.5,42.0,2.0,343,332,0,11,no,False,22,True,21,51,Candidate
GWHACBE00000009_Chromosome_9_Complete=T_Circular=F_OriSeqID=Chr09_Len=74019141_34374,0.0,0.0,-18.2,3,1,29.9,87.0,2.0,61,49,0,12,no,False,23,False,24,65,Confident
GWHACBE00000009_Chromosome_9_Complete=T_Circular=F_OriSeqID=Chr09_Len=74019141_34406,0.0,0.0,-20.2,2,2,30.3,87.0,2.0,62,53,0,9,no,False,22,True,22,59,Candidate
GWHACBE00000009_Chromosome_9_Complete=T_Circular=F_OriSeqID=Chr09_Len=74019141_34482,0.4436125401490361,,-35.9,2,2,0.9,42.0,2.0,22024,22024,0,0,no,False,23,True,23,59,Confident
GWHACBE00000009_Chromosome_9_Complete=T_Circular=F_OriSeqID=Chr09_Len=74019141_34492,0.0169095016093377,0.8698926853156171,-28.7,5,4,0.6,42.0,2.0,691,636,0,55,no,False,23,True,22,58,Candidate
GWHACBE00000009_Chromosome_9_Complete=T_Circular=F_OriSeqID=Chr09_Len=74019141_34566,0.0,0.0,-43.4,0,1,0.7,42.0,2.0,108,79,0,29,no,False,23,False,23,63,Candidate
GWHACBE00000009_Chromosome_9_Complete=T_Circular=F_OriSeqID=Chr09_Len=74019141_34580,0.7093117693811725,0.0,-28.3,1,1,83.3,87.0,2.0,167,115,0,52,no,False,22,True,22,58,Candidate
GWHACBE00000009_Chromosome_9_Complete=T_Circular=F_OriSeqID=Chr09_Len=74019141_34596,0.0,,-25.1,2,2,0.2,42.0,2.0,104,104,0,0,no,False,22,True,22,62,Candidate
GWHACBE00000009_Chromosome_9_Complete=T_Circular=F_OriSeqID=Chr09_Len=74019141_34654,0.7147274728432502,0.0,-27.1,3,3,31.6,87.0,2.0,63,56,0,7,no,False,24,True,24,72,falsepositive
GWHACBE00000009_Chromosome_9_Complete=T_Circular=F_OriSeqID=Chr09_Len=74019141_34674,0.0,,-26.8,2,2,0.4,42.0,2.0,64,64,0,0,no,False,22,True,22,55,Candidate
GWHACBE00000009_Chromosome_9_Complete=T_Circular=F_OriSeqID=Chr09_Len=74019141_34694,0.7058981720274008,0.8925943612198838,-47.1,2,2,339.8,87.0,2.0,666,281,0,385,no,False,22,False,22,61,Candidate
GWHACBE00000009_Chromosome_9_Complete=T_Circular=F_OriSeqID=Chr09_Len=74019141_34700,0.7452633067989153,,-34.6,2,2,0.9,42.0,2.0,93,93,0,0,no,False,22,True,22,54,falsepositive
GWHACBE00000009_Chromosome_9_Complete=T_Circular=F_OriSeqID=Chr09_Len=74019141_34701,0.751286576429804,0.6722948167870989,-8.0,9,3,36.8,87.0,2.0,96,62,17,17,no,False,18,True,20,68,falsepositive
GWHACBE00000009_Chromosome_9_Complete=T_Circular=F_OriSeqID=Chr09_Len=74019141_34740,0.700506158552537,0.975119064652327,-43.2,1,1,77.5,87.0,2.0,152,71,0,81,no,False,21,False,21,55,Candidate
GWHACBE00000009_Chromosome_9_Complete=T_Circular=F_OriSeqID=Chr09_Len=74019141_34920,0.0,0.0,-22.9,2,0,94.6,87.0,2.0,188,166,0,22,no,False,22,True,22,61,Confident
GWHACBE00000009_Chromosome_9_Complete=T_Circular=F_OriSeqID=Chr09_Len=74019141_34986,0.0,,-24.3,2,2,0.1,42.0,2.0,97,97,0,0,no,False,22,True,22,65,Candidate
GWHACBE00000009_Chromosome_9_Complete=T_Circular=F_OriSeqID=Chr09_Len=74019141_34988,0.7154556654478545,0.0,-19.0,2,4,259.6,87.0,2.0,511,498,0,13,no,False,22,False,26,62,falsepositive
GWHACBE00000009_Chromosome_9_Complete=T_Circular=F_OriSeqID=Chr09_Len=74019141_34998,0.7540731596805971,,-38.4,2,2,0.0,42.0,2.0,90,90,0,0,no,False,22,True,22,52,falsepositive
GWHACBE00000009_Chromosome_9_Complete=T_Circular=F_OriSeqID=Chr09_Len=74019141_35136,0.6769418694923469,0.0,-34.7,3,1,61.9,87.0,2.0,121,112,0,9,no,False,22,True,20,64,Candidate
GWHACBE00000009_Chromosome_9_Complete=T_Circular=F_OriSeqID=Chr09_Len=74019141_35139,0.0,0.0,-11.1,4,3,62.6,87.0,2.0,139,112,0,27,no,False,23,True,26,65,Candidate
GWHACBE00000009_Chromosome_9_Complete=T_Circular=F_OriSeqID=Chr09_Len=74019141_35147,0.0607608242991269,0.0,-27.1,3,2,3717.1,87.0,2.0,7293,7268,0,25,no,False,21,True,22,72,Confident
GWHACBE00000009_Chromosome_9_Complete=T_Circular=F_OriSeqID=Chr09_Len=74019141_35185,0.0,0.0,-30.7,1,1,86.6,87.0,2.0,172,165,0,7,no,False,22,False,22,62,Candidate
GWHACBE00000009_Chromosome_9_Complete=T_Circular=F_OriSeqID=Chr09_Len=74019141_35187,0.6706640802261344,0.8755954067427479,-31.2,4,2,125.9,87.0,2.0,248,218,0,30,no,False,20,True,22,73,Candidate
GWHACBE00000009_Chromosome_9_Complete=T_Circular=F_OriSeqID=Chr09_Len=74019141_35192,0.0034568692444349,0.0673095879486758,-20.8,2,4,922739.4,87.0,2.0,1809915,1796560,0,13355,no,False,22,True,25,63,Confident
GWHACBE00000009_Chromosome_9_Complete=T_Circular=F_OriSeqID=Chr09_Len=74019141_35206,0.0,,-31.0,2,2,0.3,42.0,2.0,34,34,0,0,no,False,22,True,22,60,Candidate
GWHACBE00000009_Chromosome_9_Complete=T_Circular=F_OriSeqID=Chr09_Len=74019141_35220,0.7219280945988233,,-24.4,2,2,0.5,42.0,2.0,100,100,0,0,no,False,22,False,23,62,Candidate
GWHACBE00000009_Chromosome_9_Complete=T_Circular=F_OriSeqID=Chr09_Len=74019141_35239,0.0,,-35.0,2,2,0.0,42.0,2.0,54,54,0,0,no,False,22,False,22,78,Candidate
GWHACBE00000009_Chromosome_9_Complete=T_Circular=F_OriSeqID=Chr09_Len=74019141_35344,0.517705756174559,0.2863860779334353,-23.2,2,2,209.5,87.0,2.0,412,322,0,90,no,False,22,True,21,57,falsepositive
GWHACBE00000009_Chromosome_9_Complete=T_Circular=F_OriSeqID=Chr09_Len=74019141_35479,0.0,0.0,-10.2,3,2,14.7,87.0,2.0,93,87,0,6,no,False,20,True,21,49,Candidate
GWHACBE00000009_Chromosome_9_Complete=T_Circular=F_OriSeqID=Chr09_Len=74019141_35617,0.5991914276161385,0.0,-14.2,1,1,3165.5,87.0,2.0,6220,5933,148,139,no,False,20,True,18,75,Candidate
GWHACBE00000009_Chromosome_9_Complete=T_Circular=F_OriSeqID=Chr09_Len=74019141_35836,0.0725237386414764,0.7296422347355628,-44.4,3,3,4395.8,87.0,2.0,8622,8461,54,107,no,False,22,True,22,62,Candidate
GWHACBE00000009_Chromosome_9_Complete=T_Circular=F_OriSeqID=Chr09_Len=74019141_35840,0.6122013289296053,0.6853870926373388,-29.8,4,2,0.0,42.0,2.0,306,290,0,16,no,False,23,False,21,59,Candidate
GWHACBE00000009_Chromosome_9_Complete=T_Circular=F_OriSeqID=Chr09_Len=74019141_35853,0.108481329080725,0.7607859928960684,-21.3,1,2,437.7,87.0,2.0,861,802,0,59,no,False,21,False,20,59,Confident
GWHACBE00000009_Chromosome_9_Complete=T_Circular=F_OriSeqID=Chr09_Len=74019141_35870,0.0,,-16.9,0,1,0.0,42.0,2.0,36,36,0,0,no,False,22,False,26,75,falsepositive
GWHACBE00000010_Chromosome_10_Complete=T_Circular=F_OriSeqID=Chr10_Len=73678751_35969,0.9049382591350212,0.0,-39.0,2,2,0.1,42.0,2.0,78,78,0,0,no,False,23,False,23,54,Candidate
GWHACBE00000010_Chromosome_10_Complete=T_Circular=F_OriSeqID=Chr10_Len=73678751_36085,0.0,,-29.3,2,2,0.2,42.0,2.0,30,30,0,0,no,False,22,False,22,57,Candidate
GWHACBE00000010_Chromosome_10_Complete=T_Circular=F_OriSeqID=Chr10_Len=73678751_36113,0.4826282740599634,0.0,-23.1,3,5,61.5,87.0,2.0,121,115,0,6,no,False,20,True,22,54,falsepositive
GWHACBE00000010_Chromosome_10_Complete=T_Circular=F_OriSeqID=Chr10_Len=73678751_36289,0.0,,-30.1,2,2,0.3,42.0,2.0,56,56,0,0,no,False,22,True,22,68,Candidate
GWHACBE00000010_Chromosome_10_Complete=T_Circular=F_OriSeqID=Chr10_Len=73678751_36323,0.0649695367446309,0.1001064428238563,-22.1,2,2,921.9,87.0,2.0,1811,1042,0,769,no,False,23,True,22,65,Confident
GWHACBE00000010_Chromosome_10_Complete=T_Circular=F_OriSeqID=Chr10_Len=73678751_36361,0.6770007614264841,0.0,-36.0,6,3,0.3,42.0,2.0,126,114,0,12,no,False,22,True,19,55,falsepositive
GWHACBE00000010_Chromosome_10_Complete=T_Circular=F_OriSeqID=Chr10_Len=73678751_36470,0.0,,-54.0,2,2,0.7,42.0,2.0,33,33,0,0,no,False,22,False,22,63,falsepositive
GWHACBE00000010_Chromosome_10_Complete=T_Circular=F_OriSeqID=Chr10_Len=73678751_36479,0.998932654337519,0.6193821943902247,-22.9,2,4,32.0,87.0,2.0,65,52,0,13,no,False,22,True,24,62,Candidate
GWHACBE00000010_Chromosome_10_Complete=T_Circular=F_OriSeqID=Chr10_Len=73678751_36517,0.632200898200335,,-21.5,3,2,0.0,42.0,2.0,773,773,0,0,no,False,22,True,23,60,Candidate
GWHACBE00000010_Chromosome_10_Complete=T_Circular=F_OriSeqID=Chr10_Len=73678751_36670,0.6026478578236347,0.883585085816714,-21.7,3,4,0.6,42.0,2.0,249,106,0,143,no,False,22,True,21,59,Candidate
GWHACBE00000010_Chromosome_10_Complete=T_Circular=F_OriSeqID=Chr10_Len=73678751_36771,0.1652294224651254,0.3745975798823087,-21.7,2,3,453.3,87.0,2.0,892,657,0,235,no,False,22,True,23,62,Confident
GWHACBE00000010_Chromosome_10_Complete=T_Circular=F_OriSeqID=Chr10_Len=73678751_36807,0.0,,-20.5,2,2,0.0,42.0,2.0,25,25,0,0,no,False,19,False,20,44,falsepositive
GWHACBE00000010_Chromosome_10_Complete=T_Circular=F_OriSeqID=Chr10_Len=73678751_36869,0.4145247737621915,0.5617526075427892,-32.1,0,1,0.4,42.0,2.0,445,407,0,38,no,False,20,False,22,55,Candidate
GWHACBE00000010_Chromosome_10_Complete=T_Circular=F_OriSeqID=Chr10_Len=73678751_36931,0.6115844132874301,,-39.2,2,2,0.4,42.0,2.0,83,83,0,0,no,False,22,False,22,52,Candidate
GWHACBE00000010_Chromosome_10_Complete=T_Circular=F_OriSeqID=Chr10_Len=73678751_36995,0.2323717843486005,0.8997437584097234,-29.0,3,2,13263.1,87.0,2.0,26017,25998,0,19,no,False,22,True,21,54,Confident
GWHACBE00000010_Chromosome_10_Complete=T_Circular=F_OriSeqID=Chr10_Len=73678751_37054,0.07153491516562,0.5653641204230948,-26.2,1,1,106594.6,87.0,2.0,209083,208418,0,665,no,False,22,True,22,60,Confident
GWHACBE00000010_Chromosome_10_Complete=T_Circular=F_OriSeqID=Chr10_Len=73678751_37056,0.0085962773857257,0.1565069989700127,-25.5,2,2,1262005.4,87.0,2.0,2475371,2468571,0,6800,no,False,22,True,22,60,Confident
GWHACBE00000010_Chromosome_10_Complete=T_Circular=F_OriSeqID=Chr10_Len=73678751_37211,0.0152769569362296,0.496049985543926,-18.1,2,2,10790.8,87.0,2.0,21170,19242,0,1928,no,False,22,True,22,60,Confident
GWHACBE00000010_Chromosome_10_Complete=T_Circular=F_OriSeqID=Chr10_Len=73678751_37214,0.427858349891394,0.7599511262181268,-27.1,1,1,677.7,87.0,2.0,1331,1268,0,63,no,False,25,True,21,60,Candidate
GWHACBE00000010_Chromosome_10_Complete=T_Circular=F_OriSeqID=Chr10_Len=73678751_37246,0.0649695367446309,0.1001064428238563,-22.1,2,2,921.9,87.0,2.0,1811,1042,0,769,no,False,23,True,22,65,Confident
GWHACBE00000010_Chromosome_10_Complete=T_Circular=F_OriSeqID=Chr10_Len=73678751_37395,0.0,,-38.7,2,2,0.2,42.0,2.0,24,24,0,0,no,False,22,True,22,57,Candidate
GWHACBE00000010_Chromosome_10_Complete=T_Circular=F_OriSeqID=Chr10_Len=73678751_37433,0.8739810478388188,,-29.7,2,4,0.0,42.0,2.0,34,34,0,0,no,False,20,False,21,78,falsepositive
GWHACBE00000010_Chromosome_10_Complete=T_Circular=F_OriSeqID=Chr10_Len=73678751_37436,0.0,,-27.8,2,2,0.2,42.0,2.0,26,26,0,0,no,False,23,True,24,59,Candidate
GWHACBE00000010_Chromosome_10_Complete=T_Circular=F_OriSeqID=Chr10_Len=73678751_37467,0.7495952569709409,0.0,-54.0,4,4,0.6,42.0,2.0,55,42,0,13,no,False,22,False,22,65,falsepositive
GWHACBE00000010_Chromosome_10_Complete=T_Circular=F_OriSeqID=Chr10_Len=73678751_37478,0.098959095067204,0.4798320233275894,-21.9,2,1,689.6,87.0,2.0,1355,1326,0,29,no,False,21,True,21,57,Confident
GWHACBE00000010_Chromosome_10_Complete=T_Circular=F_OriSeqID=Chr10_Len=73678751_37489,0.0,0.5349436988085676,-26.8,1,2,520.0,87.0,2.0,1021,980,0,41,no,False,25,True,21,57,Confident
GWHACBE00000010_Chromosome_10_Complete=T_Circular=F_OriSeqID=Chr10_Len=73678751_37493,0.1020960755154407,0.0,-33.8,1,4,0.2,42.0,2.0,1481,1481,0,0,no,False,22,True,27,68,Candidate
GWHACBE00000010_Chromosome_10_Complete=T_Circular=F_OriSeqID=Chr10_Len=73678751_37533,0.0,0.0,-20.4,3,1,22.7,87.0,2.0,48,40,0,8,no,False,22,True,24,60,Candidate
GWHACBE00000010_Chromosome_10_Complete=T_Circular=F_OriSeqID=Chr10_Len=73678751_37551,0.8022485257728861,0.8775132242882657,-39.1,3,3,150.7,87.0,2.0,297,198,0,99,no,False,22,True,22,53,Candidate
GWHACBE00000010_Chromosome_10_Complete=T_Circular=F_OriSeqID=Chr10_Len=73678751_37577,0.0,,-17.9,2,2,0.1,42.0,2.0,85,85,0,0,no,False,22,False,21,53,Candidate
GWHACBE00000010_Chromosome_10_Complete=T_Circular=F_OriSeqID=Chr10_Len=73678751_37615,0.0,,-24.2,2,1,0.1,42.0,2.0,34,34,0,0,no,False,24,False,25,57,Candidate
GWHACBE00000010_Chromosome_10_Complete=T_Circular=F_OriSeqID=Chr10_Len=73678751_37649,0.0,0.5349436988085676,-24.4,1,2,264.9,87.0,2.0,521,480,0,41,no,False,25,True,21,57,Candidate
GWHACBE00000010_Chromosome_10_Complete=T_Circular=F_OriSeqID=Chr10_Len=73678751_37711,0.28998604674467,0.0,-14.7,2,0,56.0,87.0,2.0,125,56,45,24,no,False,20,False,18,85,falsepositive
GWHACBE00000010_Chromosome_10_Complete=T_Circular=F_OriSeqID=Chr10_Len=73678751_37731,0.0,0.6500224213598151,-15.0,2,3,26.6,87.0,2.0,55,25,0,30,no,False,24,True,21,60,Candidate
GWHACBE00000010_Chromosome_10_Complete=T_Circular=F_OriSeqID=Chr10_Len=73678751_37835,0.9226754680226792,0.0,-38.4,2,2,0.0,42.0,2.0,33,24,9,0,no,False,20,False,20,100,falsepositive
GWHACBE00000010_Chromosome_10_Complete=T_Circular=F_OriSeqID=Chr10_Len=73678751_37898,0.0055122434266775,0.0,-24.6,2,1,1201.6,87.0,2.0,2358,2286,0,72,no,False,22,True,21,59,Confident
GWHACBE00000010_Chromosome_10_Complete=T_Circular=F_OriSeqID=Chr10_Len=73678751_37932,0.8153949554918707,,-39.2,2,2,0.2,42.0,2.0,117,117,0,0,no,False,22,False,22,52,falsepositive
GWHACBE00000010_Chromosome_10_Complete=T_Circular=F_OriSeqID=Chr10_Len=73678751_38047,0.1393341223824443,0.0,-42.0,2,1,344.0,87.0,2.0,675,543,0,132,no,False,22,True,21,57,Confident
GWHACBE00000010_Chromosome_10_Complete=T_Circular=F_OriSeqID=Chr10_Len=73678751_38056,0.0,0.0,-26.1,2,1,20.3,87.0,2.0,43,33,0,10,no,False,23,True,22,55,falsepositive
GWHACBE00000011_Chromosome_11_Complete=T_Circular=F_OriSeqID=Chr11_Len=55753002_38227,0.7328411392268366,0.6999992921231373,-29.0,3,2,756.2,87.0,2.0,1484,905,0,579,no,False,22,True,21,62,Confident
GWHACBE00000011_Chromosome_11_Complete=T_Circular=F_OriSeqID=Chr11_Len=55753002_38263,0.0,,-15.3,2,1,0.1,42.0,2.0,73,73,0,0,no,False,19,True,19,58,falsepositive
GWHACBE00000011_Chromosome_11_Complete=T_Circular=F_OriSeqID=Chr11_Len=55753002_38421,0.0,,-27.8,2,2,0.0,42.0,2.0,27,27,0,0,no,False,18,True,21,69,falsepositive
GWHACBE00000011_Chromosome_11_Complete=T_Circular=F_OriSeqID=Chr11_Len=55753002_38457,0.986295817398156,0.0,-11.6,1,1,52.4,87.0,2.0,115,109,0,6,no,False,22,False,22,61,falsepositive
GWHACBE00000011_Chromosome_11_Complete=T_Circular=F_OriSeqID=Chr11_Len=55753002_38495,0.0577536826683106,0.5401844056846523,-25.1,2,2,11721.1,87.0,2.0,22993,21645,12,1336,no,False,21,True,23,63,Confident
GWHACBE00000011_Chromosome_11_Complete=T_Circular=F_OriSeqID=Chr11_Len=55753002_38522,0.7871265859127299,,-22.2,0,2,2.8,84.0,2.0,34,34,0,0,no,True,22,True,20,61,Confident
GWHACBE00000011_Chromosome_11_Complete=T_Circular=F_OriSeqID=Chr11_Len=55753002_38691,0.4751652655478395,,-30.3,2,2,0.4,42.0,2.0,4828,4828,0,0,no,False,22,False,22,49,Candidate
GWHACBE00000011_Chromosome_11_Complete=T_Circular=F_OriSeqID=Chr11_Len=55753002_38716,0.9182958337659504,0.0,-17.4,6,2,23.5,87.0,2.0,50,48,0,2,no,False,21,True,23,58,falsepositive
GWHACBE00000011_Chromosome_11_Complete=T_Circular=F_OriSeqID=Chr11_Len=55753002_38868,0.0,,-26.7,5,2,0.0,42.0,2.0,27,27,0,0,no,False,22,True,25,67,Candidate
GWHACBE00000011_Chromosome_11_Complete=T_Circular=F_OriSeqID=Chr11_Len=55753002_38903,0.2742506407617537,,-30.2,2,2,0.5,42.0,2.0,106,106,0,0,no,False,22,True,25,60,Candidate
GWHACBE00000011_Chromosome_11_Complete=T_Circular=F_OriSeqID=Chr11_Len=55753002_38922,0.0,,-26.9,3,3,0.0,42.0,2.0,30,30,0,0,no,False,23,False,18,75,falsepositive
GWHACBE00000011_Chromosome_11_Complete=T_Circular=F_OriSeqID=Chr11_Len=55753002_38941,0.0,0.0,-22.7,2,2,29.8,87.0,2.0,60,55,0,5,no,False,23,True,23,68,Candidate
GWHACBE00000011_Chromosome_11_Complete=T_Circular=F_OriSeqID=Chr11_Len=55753002_38975,0.0369093939917003,0.0,-19.4,1,3,932.3,87.0,2.0,1831,1790,0,41,no,False,22,True,25,60,Candidate
GWHACBE00000011_Chromosome_11_Complete=T_Circular=F_OriSeqID=Chr11_Len=55753002_39042,0.7105434224573989,0.0,-36.9,2,3,0.0,42.0,2.0,70,23,47,0,no,False,18,True,17,81,falsepositive
GWHACBE00000011_Chromosome_11_Complete=T_Circular=F_OriSeqID=Chr11_Len=55753002_39199,0.0,0.0,-24.7,5,6,0.3,42.0,2.0,45,38,0,7,no,False,21,True,22,51,Candidate
GWHACBE00000011_Chromosome_11_Complete=T_Circular=F_OriSeqID=Chr11_Len=55753002_39231,0.1355331827176113,0.3035016516600984,-25.7,2,2,3349.6,87.0,2.0,6571,6282,0,289,no,False,22,True,22,62,Confident
GWHACBE00000011_Chromosome_11_Complete=T_Circular=F_OriSeqID=Chr11_Len=55753002_39234,0.0,0.6962122598366068,-26.9,4,4,0.5,42.0,2.0,42,26,0,16,no,False,22,True,22,61,Candidate
GWHACBE00000011_Chromosome_11_Complete=T_Circular=F_OriSeqID=Chr11_Len=55753002_39300,0.110386684368412,0.3616397858015166,-38.0,1,2,45906.7,87.0,2.0,90039,51624,0,38415,no,True,21,True,22,88,Confident
GWHACBE00000011_Chromosome_11_Complete=T_Circular=F_OriSeqID=Chr11_Len=55753002_39308,0.0,,-27.1,3,2,0.0,42.0,2.0,32,32,0,0,no,False,18,True,19,77,falsepositive
GWHACBE00000011_Chromosome_11_Complete=T_Circular=F_OriSeqID=Chr11_Len=55753002_39310,0.3716103489206926,0.0,-14.2,2,0,404.5,87.0,2.0,801,699,0,102,no,False,22,True,20,60,Confident
GWHACBE00000011_Chromosome_11_Complete=T_Circular=F_OriSeqID=Chr11_Len=55753002_39317,0.0,0.9997114414642708,-36.3,3,2,89.8,87.0,2.0,177,100,0,77,no,False,22,False,22,73,Candidate
GWHACBE00000011_Chromosome_11_Complete=T_Circular=F_OriSeqID=Chr11_Len=55753002_39412,0.0,,-13.8,2,1,0.3,42.0,2.0,44,44,0,0,no,False,19,True,19,58,falsepositive
GWHACBE00000011_Chromosome_11_Complete=T_Circular=F_OriSeqID=Chr11_Len=55753002_39587,0.0054946091876943,0.2940708855967068,-21.7,2,3,153241.3,87.0,2.0,300578,298643,17,1918,no,False,23,False,22,62,Confident
GWHACBE00000011_Chromosome_11_Complete=T_Circular=F_OriSeqID=Chr11_Len=55753002_39598,0.3712323263523366,0.0,-14.6,2,3,11.8,87.0,2.0,60,52,0,8,no,False,21,True,21,59,Candidate
GWHACBE00000011_Chromosome_11_Complete=T_Circular=F_OriSeqID=Chr11_Len=55753002_39648,0.9444887200499812,,-36.3,2,1,0.1,42.0,2.0,55,55,0,0,no,False,22,False,22,47,falsepositive
GWHACBE00000011_Chromosome_11_Complete=T_Circular=F_OriSeqID=Chr11_Len=55753002_39702,0.4751652655478395,,-30.3,2,2,0.6,42.0,2.0,4828,4828,0,0,no,False,22,False,22,49,Candidate
GWHACBE00000011_Chromosome_11_Complete=T_Circular=F_OriSeqID=Chr11_Len=55753002_39743,0.7230488080442298,0.8767657976169491,-27.4,3,2,60.0,87.0,2.0,119,87,0,32,no,False,22,True,21,66,falsepositive
GWHACBE00000011_Chromosome_11_Complete=T_Circular=F_OriSeqID=Chr11_Len=55753002_39777,0.0,0.0,-20.2,2,2,46.8,87.0,2.0,94,58,0,36,no,False,23,True,22,59,falsepositive
GWHACBE00000011_Chromosome_11_Complete=T_Circular=F_OriSeqID=Chr11_Len=55753002_40233,0.0,,-25.9,2,2,0.0,42.0,2.0,50,50,0,0,no,False,23,False,23,57,Candidate
GWHACBE00000011_Chromosome_11_Complete=T_Circular=F_OriSeqID=Chr11_Len=55753002_40262,0.9651061631933796,,-28.6,2,1,0.0,42.0,2.0,105,105,0,0,no,False,22,True,22,48,falsepositive
GWHACBE00000025_OriSeqID=ctg1107_Len=363190_40534,0.2647567806245656,,-17.2,2,2,2.1,84.0,2.0,549,549,0,0,yes,False,20,True,20,44,falsepositive
GWHACBE00000029_OriSeqID=ctg1161_Len=478693_40560,0.0,,-25.5,2,4,0.3,42.0,2.0,23,23,0,0,yes,False,21,True,23,86,falsepositive
GWHACBE00000033_OriSeqID=ctg1190_Len=208536_40582,0.0,0.6235702079242584,-36.2,2,1,155.0,87.0,2.0,301,166,0,135,yes,False,21,True,22,57,Candidate
GWHACBE00000033_OriSeqID=ctg1190_Len=208536_40584,0.7355011688559512,0.0,-43.6,2,1,107.3,87.0,2.0,207,193,0,14,yes,False,22,True,21,57,falsepositive
GWHACBE00000054_OriSeqID=ctg1369_Len=144328_40697,0.9224998141917284,0.0,-31.9,2,2,1.8,81.0,2.0,180,158,22,0,yes,False,22,True,22,59,Candidate
GWHACBE00000059_OriSeqID=ctg1378_Len=177033_40701,0.0,,-16.2,2,2,1.0,81.0,2.0,159,159,0,0,yes,False,22,True,22,63,Candidate
GWHACBE00000100_OriSeqID=ctg1561_Len=241157_40814,0.0,,-43.6,3,2,1.8,81.0,2.0,29,29,0,0,yes,False,22,True,23,70,Candidate
GWHACBE00000100_OriSeqID=ctg1561_Len=241157_40815,0.9717981511206072,,-24.0,2,2,1.5,81.0,2.0,137,137,0,0,yes,False,22,True,22,61,falsepositive
GWHACBE00000100_OriSeqID=ctg1561_Len=241157_40817,0.6285447378786293,0.0,-21.3,2,2,0.8,42.0,2.0,369,351,18,0,yes,False,22,True,22,72,falsepositive
GWHACBE00000105_OriSeqID=ctg1581_Len=120202_40832,0.0,,-26.9,2,3,0.2,42.0,2.0,28,28,0,0,yes,False,22,False,23,82,Candidate
GWHACBE00000174_OriSeqID=ctg1812_Len=102250_41209,0.9369750098741164,0.814387519875386,-26.9,2,1,125.0,87.0,2.0,243,167,0,76,yes,False,22,True,23,60,Candidate
GWHACBE00000174_OriSeqID=ctg1812_Len=102250_41212,0.8174281811506209,0.6066303833851001,-36.6,1,2,420.7,87.0,2.0,823,767,0,56,yes,False,21,True,22,47,falsepositive
GWHACBE00000179_OriSeqID=ctg1825_Len=102122_41218,0.0,,-16.6,1,2,0.9,42.0,2.0,173,173,0,0,yes,False,21,True,23,59,Candidate
GWHACBE00000196_OriSeqID=ctg1884_Len=142096_41292,0.999027637827118,0.693127415039749,-14.0,1,1,1099.8,87.0,2.0,2172,2043,0,129,no,False,23,True,22,60,falsepositive
GWHACBE00000208_OriSeqID=ctg1916_Len=95374_41321,0.441889027461317,0.0,-29.7,2,2,1.7,81.0,2.0,8320,7584,736,0,yes,False,23,True,23,68,falsepositive
GWHACBE00000329_OriSeqID=ctg2204_Len=108914_41562,0.1505615153178231,0.9154296434584543,-41.1,1,3,1.9,81.0,2.0,2191,1981,210,0,yes,False,22,True,20,86,falsepositive
GWHACBE00000347_OriSeqID=ctg2244_Len=80153_41645,0.1520771623599677,,-21.6,2,1,0.0,42.0,2.0,730,730,0,0,yes,False,18,True,16,65,falsepositive
GWHACBE00000357_OriSeqID=ctg2264_Len=149513_41677,0.1292337745573459,0.9999999997114608,-11.7,1,2,55.2,87.0,2.0,122,112,0,10,no,False,19,True,20,48,falsepositive
GWHACBE00000375_OriSeqID=ctg2311_Len=118421_41741,0.4050201323357033,,-38.4,4,2,1.9,81.0,2.0,91,91,0,0,yes,False,21,False,24,64,Candidate
GWHACBE00000386_OriSeqID=ctg2343_Len=109316_41755,0.0,,-34.1,2,2,2.0,84.0,2.0,33,33,0,0,yes,False,23,False,23,70,Candidate
GWHACBE00000386_OriSeqID=ctg2343_Len=109316_41759,0.0,,-29.1,2,2,2.0,84.0,2.0,129,129,0,0,yes,False,21,False,21,68,Candidate
GWHACBE00000392_OriSeqID=ctg2356_Len=114158_41770,0.7308223101753557,0.0,-35.9,2,2,1.8,81.0,2.0,118,118,0,0,yes,False,21,True,21,59,Candidate
GWHACBE00000403_OriSeqID=ctg2381_Len=191810_41831,0.0455521803697709,0.8077473827005757,-33.3,4,2,1.9,81.0,2.0,5043,4960,0,83,yes,False,22,True,20,59,Confident
GWHACBE00000403_OriSeqID=ctg2381_Len=191810_41870,0.298789157634451,,-37.4,2,2,1.9,81.0,2.0,1216,1216,0,0,yes,False,22,True,22,61,Confident
GWHACBE00000404_OriSeqID=ctg2382_Len=74281_41877,0.5970948430149199,,-30.9,14,14,2.2,84.0,2.0,252,252,0,0,yes,False,22,True,22,63,falsepositive
GWHACBE00000444_OriSeqID=ctg2464_Len=114657_41966,0.0,,-7.7,3,6,0.0,42.0,2.0,45,45,0,0,no,True,20,True,18,50,Confident
GWHACBE00000551_OriSeqID=ctg2679_Len=64494_42294,0.0,0.8508848394443539,-16.5,4,4,0.5,42.0,2.0,99,57,0,42,yes,False,22,True,22,58,Candidate
GWHACBE00000554_OriSeqID=ctg2684_Len=63703_42300,0.0376129331717336,0.0,-28.5,1,4,1.5,81.0,2.0,62501,62501,0,0,yes,False,22,True,26,63,Confident
GWHACBE00000582_OriSeqID=ctg2731_Len=76731_42330,0.0,,-18.2,2,3,1.0,81.0,2.0,32,32,0,0,yes,False,25,True,20,46,falsepositive
GWHACBE00000608_OriSeqID=ctg2780_Len=61577_42379,0.5438908100660983,0.0,-19.4,1,1,438.9,87.0,2.0,865,864,0,1,yes,False,23,True,22,55,falsepositive
GWHACBE00000620_OriSeqID=ctg2805_Len=70852_42386,0.0055122434266775,0.0,-21.4,3,2,1172.2,87.0,2.0,2298,2286,0,12,yes,False,22,True,21,59,Confident
GWHACBE00000710_OriSeqID=ctg2970_Len=53747_42597,0.9717981511206072,,-24.0,2,2,1.6,81.0,2.0,137,137,0,0,yes,False,22,True,22,61,Candidate
GWHACBE00000957_OriSeqID=ctg3344_Len=50707_43188,0.5043834324934362,,-25.0,2,2,0.5,42.0,2.0,296,296,0,0,yes,False,23,True,23,60,Candidate
GWHACBE00000995_OriSeqID=ctg3398_Len=49341_43266,0.0,0.0,-10.0,2,1,0.6,42.0,2.0,1686,1686,0,0,yes,False,20,True,19,45,falsepositive
GWHACBE00001011_OriSeqID=ctg3420_Len=49289_43305,0.2754973646695233,,-22.9,2,2,0.3,42.0,2.0,295,295,0,0,yes,False,23,False,27,79,Candidate
GWHACBE00001011_OriSeqID=ctg3420_Len=49289_43306,0.2754973646695233,0.0,-17.9,4,4,0.0,42.0,2.0,303,295,0,8,yes,False,23,False,22,67,Candidate
GWHACBE00001154_OriSeqID=ctg3635_Len=46688_43569,0.8480367966148655,,-34.9,2,2,1.9,81.0,2.0,108,108,0,0,yes,False,22,True,22,80,falsepositive
GWHACBE00001183_OriSeqID=ctg3670_Len=45909_43603,0.0,0.9999999997114608,-19.2,5,5,1.6,81.0,2.0,155,72,0,83,yes,False,22,False,24,61,Candidate
GWHACBE00001183_OriSeqID=ctg3670_Len=45909_43606,0.8054848384520567,0.0,-24.2,1,2,108.5,87.0,2.0,212,138,0,74,yes,False,22,True,21,59,Candidate
GWHACBE00001183_OriSeqID=ctg3670_Len=45909_43607,0.0129201276237876,0.0,-28.1,3,3,1358.0,87.0,2.0,2671,2601,0,70,no,False,23,True,22,82,Candidate
GWHACBE00001183_OriSeqID=ctg3670_Len=45909_43610,0.7877009891751338,0.0,-16.3,0,2,98.9,87.0,2.0,196,174,0,22,yes,False,22,True,20,57,Candidate
GWHACBE00001209_OriSeqID=ctg3705_Len=46213_43638,0.0,,-25.9,2,2,0.6,42.0,2.0,25,25,0,0,yes,False,23,True,22,82,falsepositive
GWHACBE00001216_OriSeqID=ctg3717_Len=46914_43662,0.1068843438407114,0.9770181492276492,-46.2,0,1,1463.1,87.0,2.0,2867,2731,0,136,yes,False,22,True,21,59,Candidate
GWHACBE00001216_OriSeqID=ctg3717_Len=46914_43663,0.0932560204497518,0.9770181492276492,-42.2,0,1,1460.9,87.0,2.0,2863,2727,0,136,yes,False,22,True,21,59,Candidate
GWHACBE00001259_OriSeqID=ctg3775_Len=42608_43729,0.0055122434266775,0.0,-21.4,3,2,1172.2,87.0,2.0,2298,2286,0,12,yes,False,22,True,21,59,Confident
GWHACBE00001319_OriSeqID=ctg3864_Len=44193_43868,0.0,,-26.5,2,2,1.6,81.0,2.0,35,35,0,0,yes,False,23,False,23,64,Candidate
GWHACBE00001328_OriSeqID=ctg3875_Len=44015_43877,0.0,,-24.5,2,2,1.3,81.0,2.0,35,35,0,0,yes,False,22,True,22,60,Candidate
GWHACBE00001364_OriSeqID=ctg3920_Len=43399_43979,0.3124124980878207,0.4729953620046091,-33.0,5,4,2.1,84.0,2.0,1537,1379,0,158,yes,False,23,True,22,58,Candidate
GWHACBE00001364_OriSeqID=ctg3920_Len=43399_43988,0.0169095016093377,,-33.8,2,2,2.2,84.0,2.0,636,636,0,0,yes,False,23,True,23,61,Confident
GWHACBE00001368_OriSeqID=ctg3925_Len=43281_44030,0.0,,-32.9,3,2,1.9,81.0,2.0,24,24,0,0,yes,False,22,True,21,68,falsepositive
GWHACBE00001445_OriSeqID=ctg4032_Len=41260_44168,0.0,0.0,-19.6,2,4,125.2,87.0,2.0,245,241,0,4,yes,False,24,True,23,63,Candidate
GWHACBE00001467_OriSeqID=ctg4062_Len=41954_44184,0.0,0.5032583344871068,-33.1,1,1,40.6,87.0,2.0,76,36,0,40,yes,False,22,True,22,61,falsepositive
GWHACBE00001477_OriSeqID=ctg4072_Len=41171_44203,0.8174281811506209,0.6066303833851001,-36.6,1,2,420.7,87.0,2.0,823,767,0,56,yes,False,21,True,22,47,falsepositive
GWHACBE00001509_OriSeqID=ctg4121_Len=40518_44229,0.0,,-12.6,2,2,1.2,81.0,2.0,38,38,0,0,yes,False,22,True,18,65,Candidate
GWHACBE00001547_OriSeqID=ctg4169_Len=44935_44291,0.0,,-29.5,2,3,1.7,81.0,2.0,41,41,0,0,yes,False,20,False,19,59,Candidate
GWHACBE00001589_OriSeqID=ctg4221_Len=39987_44342,0.465502448792974,0.5637108120247296,-19.3,3,2,88.5,87.0,2.0,173,82,0,91,yes,False,23,True,23,62,Candidate
GWHACBE00001612_OriSeqID=ctg4249_Len=39992_44385,0.0,0.0,-24.5,2,3,19.3,87.0,2.0,36,29,0,7,yes,False,21,False,22,63,falsepositive
GWHACBE00001612_OriSeqID=ctg4249_Len=39992_44387,0.268426364989936,0.9056185175918248,-30.5,0,0,1.7,81.0,2.0,245,240,0,5,yes,False,21,True,21,61,Candidate
GWHACBE00001619_OriSeqID=ctg4257_Len=39764_44401,0.441889027461317,0.0,-25.1,2,2,1.2,81.0,2.0,8320,7584,736,0,yes,False,23,True,23,68,Candidate
GWHACBE00001629_OriSeqID=ctg426_Len=1949352_44488,0.7918583522789444,0.8112781241705938,-50.0,1,1,30.0,87.0,2.0,54,42,0,12,yes,False,20,True,18,60,falsepositive
GWHACBE00001650_OriSeqID=ctg4293_Len=39309_44532,0.9819407865755586,0.0,-9.6,2,1,0.1,42.0,2.0,21,19,0,2,no,True,19,True,18,46,Confident
GWHACBE00001664_OriSeqID=ctg4308_Len=39335_44545,0.9357110509767452,,-20.8,2,2,0.8,42.0,2.0,54,54,0,0,yes,False,22,True,23,61,Candidate
GWHACBE00001714_OriSeqID=ctg4377_Len=39063_44627,0.0,0.0,-30.7,1,1,88.2,87.0,2.0,172,165,0,7,yes,False,22,False,22,62,Candidate
GWHACBE00001729_OriSeqID=ctg4400_Len=38598_44652,0.441889027461317,0.0,-29.7,2,2,1.7,81.0,2.0,8320,7584,736,0,yes,False,23,True,23,68,falsepositive
GWHACBE00001764_OriSeqID=ctg4445_Len=37730_44688,0.6096126292015319,,-13.4,2,0,0.0,42.0,2.0,1898,1898,0,0,yes,False,21,True,19,58,falsepositive
GWHACBE00001774_OriSeqID=ctg4455_Len=37631_44700,0.371628030144635,0.5848183811413251,-21.2,3,2,321.1,87.0,2.0,632,590,0,42,yes,False,24,False,23,64,Candidate
GWHACBE00001774_OriSeqID=ctg4455_Len=37631_44704,0.371628030144635,0.5848183811413251,-21.2,3,2,317.3,87.0,2.0,632,590,0,42,no,False,24,False,23,64,Candidate
GWHACBE00001848_OriSeqID=ctg4546_Len=35801_44817,0.6937610231437217,0.0,-6.6,1,1,104.3,87.0,2.0,283,273,0,10,no,False,19,True,19,59,falsepositive
GWHACBE00001892_OriSeqID=ctg4602_Len=36418_44883,0.0,,-24.7,2,2,1.9,81.0,2.0,27,27,0,0,yes,False,18,True,16,64,falsepositive
GWHACBE00002036_OriSeqID=ctg4781_Len=34162_44997,0.0138524990616623,0.2790803646241709,-19.5,3,2,1630917.7,87.0,2.0,3198973,3196823,1,2149,yes,False,22,True,22,63,Confident
GWHACBE00002040_OriSeqID=ctg4785_Len=34409_45002,0.0,,-25.6,2,2,1.6,81.0,2.0,59,59,0,0,yes,False,22,False,22,62,Candidate
GWHACBE00002112_OriSeqID=ctg4870_Len=33999_45104,0.0,,-19.4,2,2,1.9,81.0,2.0,61,61,0,0,yes,False,22,True,22,58,Confident
GWHACBE00002222_OriSeqID=ctg5011_Len=33486_45218,0.0,0.0,-21.3,3,2,21.0,87.0,2.0,49,34,0,15,no,False,23,True,24,65,Candidate
GWHACBE00002238_OriSeqID=ctg5031_Len=30079_45258,0.8897676037327509,0.0,-19.2,2,2,0.9,42.0,2.0,216,216,0,0,yes,False,22,True,26,52,falsepositive
GWHACBE00002356_OriSeqID=ctg5175_Len=30349_45434,0.0,,-35.6,2,1,1.6,81.0,2.0,28,28,0,0,yes,False,19,False,19,69,falsepositive
GWHACBE00002373_OriSeqID=ctg5197_Len=30069_45469,0.1197366785013593,0.9819407865755586,-22.1,1,1,1.4,81.0,2.0,346,308,0,38,yes,False,21,True,22,60,Confident
GWHACBE00002383_OriSeqID=ctg520_Len=809866_45494,0.5787946243435809,0.934068055086952,-38.5,2,2,26.2,87.0,2.0,49,29,0,20,yes,False,22,False,22,54,falsepositive
GWHACBE00002393_OriSeqID=ctg5222_Len=29627_45526,0.1592937074170049,0.0,-15.1,3,0,563.3,87.0,2.0,1137,1129,0,8,no,False,19,True,23,82,Candidate
GWHACBE00002484_OriSeqID=ctg5325_Len=28948_45729,0.0,0.0,-18.5,1,2,32.5,87.0,2.0,64,40,0,24,yes,False,25,True,21,57,Confident
GWHACBE00002697_OriSeqID=ctg5574_Len=25944_45939,0.552985632339317,,-25.9,2,2,0.8,42.0,2.0,1692,1692,0,0,yes,False,21,True,23,53,falsepositive
GWHACBE00002909_OriSeqID=ctg5821_Len=23292_46102,0.0718495907797873,0.4751804948218147,-43.5,2,2,1459.2,87.0,2.0,2859,2604,0,255,yes,False,22,True,22,57,Confident
GWHACBE00002909_OriSeqID=ctg5821_Len=23292_46103,0.4751804948218147,0.4789788193324059,-47.0,2,1,260.3,87.0,2.0,507,252,0,255,yes,False,21,True,22,57,falsepositive
GWHACBE00003300_OriSeqID=ctg6266_Len=14277_46312,0.3119672680400586,,-18.1,2,2,1.2,81.0,2.0,748,748,0,0,yes,False,22,True,22,59,Candidate
GWHACBE00003456_OriSeqID=ctg6431_Len=9601_46403,0.0851190972930678,,-28.6,2,1,1.7,81.0,2.0,563,563,0,0,yes,False,18,True,18,37,falsepositive
GWHACBE00003456_OriSeqID=ctg6431_Len=9601_46404,0.0851190972930678,0.0,-28.6,0,1,2.1,84.0,2.0,575,563,0,12,yes,False,18,True,18,39,falsepositive
GWHACBE00003614_OriSeqID=ctg666_Len=306433_46427,0.0468257181046006,0.0,-19.6,2,1,11007.2,87.0,2.0,21601,20799,48,754,no,False,23,True,22,64,Confident
GWHACBE00003614_OriSeqID=ctg666_Len=306433_46430,0.0,0.9906174970896412,-20.2,2,1,331.8,87.0,2.0,651,414,0,237,yes,False,22,True,23,62,Confident
GWHACBE00003614_OriSeqID=ctg666_Len=306433_46432,0.0183868230460417,0.276744236435718,-30.7,2,3,3902.5,87.0,2.0,7653,5480,0,2173,yes,False,22,True,24,65,Confident
GWHACBE00003617_OriSeqID=ctg813_Len=747947_46469,0.0,,-33.9,2,2,1.4,81.0,2.0,45,45,0,0,yes,False,18,True,20,60,falsepositive
GWHACBE00003622_OriSeqID=ctg879_Len=275488_46514,0.0151513348941244,0.281912820659203,-22.1,2,0,845090.1,87.0,2.0,1657606,1655658,0,1948,yes,False,21,True,23,61,Confident
GWHACBE00003625_OriSeqID=ctg894_Len=262101_46547,0.997249632681932,,-8.9,1,2,0.6,42.0,2.0,81,81,0,0,yes,False,20,True,18,60,falsepositive
GWHACBE00003626_OriSeqID=ctg903_Len=483325_46557,0.7977983947268451,,-47.6,2,2,2.1,84.0,2.0,89,89,0,0,yes,False,22,False,22,58,falsepositive
GWHACBE00003630_OriSeqID=ctg952_Len=262782_46581,0.6812908865956784,,-32.5,2,1,1.8,81.0,2.0,72,72,0,0,yes,False,24,True,26,71,Candidate
